股票代码,股票简称,同花顺行业,总市值,2024年12月涨停次数,区间内此前涨停次数大于1月份数量,区间内此前涨停次数大于1月份
603986,兆易创新,电子-半导体-数字芯片设计,"3,668.38亿",2,0,未出现
002281,光迅科技,通信-通信设备-通信网络设备及器件,"1,818.81亿",2,3,2024年2月、2024年3月、2024年10月
002851,麦格米特,电力设备-其他电源设备-其他电源设备Ⅲ,865.47亿,4,2,2024年5月、2024年10月
300548,长芯博创,通信-通信设备-通信网络设备及器件,792.15亿,2,0,未出现
603893,瑞芯微,电子-半导体-数字芯片设计,718.89亿,3,1,2024年10月
002429,兆驰股份,家用电器-黑色家电-彩电,505.21亿,2,0,未出现
601238,广汽集团,汽车-汽车整车-乘用车,495.78亿,2,0,未出现
601216,君正集团,基础化工-化学原料-氯碱,439.62亿,3,1,2024年11月
001267,汇绿生态,通信-通信设备-通信网络设备及器件,413.62亿,2,3,2024年5月、2024年6月、2024年10月
002195,岩山科技,计算机-IT服务-IT服务Ⅲ,401.48亿,4,1,2024年11月
600157,永泰能源,公用事业-电力-火电,370.90亿,2,1,2024年11月
002131,利欧股份,机械设备-通用设备-其他通用设备,364.32亿,4,1,2024年11月
001896,豫能控股,公用事业-电力-火电,346.35亿,2,2,2024年2月、2024年3月
000981,山子高科,汽车-汽车零部件-底盘与发动机系统,332.92亿,6,5,2024年3月、2024年7月、2024年8月、2024年10月、2024年11月
002491,通鼎互联,通信-通信设备-通信线缆及配套,296.80亿,2,0,未出现
601933,永辉超市,商贸零售-零售-百货零售,294.94亿,4,4,2024年8月、2024年9月、2024年10月、2024年11月
002364,中恒电气,电力设备-其他电源设备-其他电源设备Ⅲ,288.32亿,4,0,未出现
688018,乐鑫科技,电子-半导体-数字芯片设计,279.13亿,2,0,未出现
002130,沃尔核材,电子-其他电子-其他电子Ⅲ,275.32亿,2,3,2024年3月、2024年4月、2024年10月
000564,供销大集,商贸零售-零售-百货零售,261.84亿,3,4,2024年1月、2024年2月、2024年5月、2024年11月
603667,五洲新春,机械设备-通用设备-金属制品,256.71亿,7,1,2024年2月
603516,淳中科技,计算机-计算机设备-其他计算机设备,248.80亿,2,4,2024年2月、2024年3月、2024年7月、2024年11月
000155,川能动力,公用事业-电力-新能源发电,248.31亿,2,0,未出现
600126,杭钢股份,钢铁-钢铁-普钢,234.38亿,2,0,未出现
002402,和而泰,家用电器-白色家电-家电零部件,229.55亿,2,2,2024年2月、2024年11月
603236,移远通信,通信-通信设备-通信终端及配件,228.19亿,3,0,未出现
002670,国盛证券,非银金融-证券-证券Ⅲ,226.99亿,4,3,2024年4月、2024年7月、2024年9月
603002,宏昌电子,电子-电子化学品-电子化学品Ⅲ,217.40亿,3,1,2024年3月
600186,莲花控股,食品饮料-食品加工制造-调味发酵品,217.28亿,2,0,未出现
603950,长源东谷,汽车-汽车零部件-底盘与发动机系统,212.27亿,2,2,2024年4月、2024年5月
002265,建设工业,国防军工-军工装备-地面兵装,204.44亿,10,0,未出现
300718,长盛轴承,机械设备-通用设备-金属制品,203.65亿,2,0,未出现
001287,中电港,电子-其他电子-其他电子Ⅲ,200.69亿,2,1,2024年8月
600808,马钢股份,钢铁-钢铁-普钢,194.96亿,2,0,未出现
300913,兆龙互连,通信-通信设备-通信线缆及配套,188.80亿,2,0,未出现
603662,柯力传感,机械设备-通用设备-仪器仪表,187.03亿,3,2,2024年2月、2024年11月
600172,黄河旋风,机械设备-通用设备-磨具磨料,179.12亿,6,2,2024年2月、2024年10月
002217,合力泰,电子-光学光电子-面板,177.26亿,3,7,2024年2月、2024年3月、2024年5月、2024年6月、2024年9月、2024年10月、2024年11月
601519,大智慧,计算机-软件开发-垂直应用软件,176.44亿,3,1,2024年9月
000620,盈新发展,房地产-房地产-住宅开发,174.39亿,2,3,2024年3月、2024年5月、2024年11月
002583,海能达,通信-通信设备-通信网络设备及器件,172.77亿,2,3,2024年9月、2024年10月、2024年11月
002617,露笑科技,公用事业-电力-新能源发电,170.87亿,4,0,未出现
600490,鹏欣资源,有色金属-工业金属-铜,167.07亿,3,1,2024年9月
002320,海峡股份,交通运输-港口航运-航运,158.29亿,2,0,未出现
002896,中大力德,机械设备-通用设备-金属制品,158.02亿,2,1,2024年11月
600629,华建集团,建筑装饰-建筑装饰-工程咨询服务,157.81亿,2,3,2024年1月、2024年10月、2024年11月
002779,中坚科技,机械设备-专用设备-农用机械,156.06亿,3,2,2024年2月、2024年11月
000681,视觉中国,传媒-文化传媒-数字媒体,155.88亿,6,0,未出现
002741,光华科技,电子-电子化学品-电子化学品Ⅲ,151.55亿,3,4,2024年2月、2024年3月、2024年7月、2024年11月
002361,神剑股份,基础化工-塑料制品-合成树脂,151.50亿,3,1,2024年3月
600397,江钨装备,机械设备-专用设备-能源及重型设备,150.18亿,4,0,未出现
600589,大位科技,计算机-IT服务-IT服务Ⅲ,149.65亿,2,8,2024年1月、2024年2月、2024年3月、2024年5月、2024年6月、2024年9月、2024年10月、2024年11月
002643,万润股份,电子-电子化学品-电子化学品Ⅲ,147.64亿,2,0,未出现
000592,平潭发展,农林牧渔-种植业与林业-林业,147.01亿,4,2,2024年1月、2024年10月
000785,居然智家,商贸零售-零售-商业物业经营,143.84亿,6,0,未出现
002181,粤传媒,传媒-文化传媒-出版,142.81亿,8,1,2024年11月
605099,共创草坪,轻工制造-家居用品-其他家居用品,141.66亿,2,0,未出现
000506,招金黄金,有色金属-贵金属-贵金属Ⅲ,140.28亿,6,7,2024年4月、2024年6月、2024年7月、2024年8月、2024年9月、2024年10月、2024年11月
605006,山东玻纤,建筑材料-建筑材料-玻璃玻纤,136.98亿,7,0,未出现
000553,安道麦A,基础化工-农化制品-农药,135.75亿,2,1,2024年10月
002426,胜利精密,电子-消费电子-消费电子零部件及组装,131.34亿,3,2,2024年8月、2024年11月
002031,巨轮智能,机械设备-专用设备-其他专用设备,128.66亿,6,2,2024年10月、2024年11月
688660,电气风电,电力设备-风电设备-风电整机,128.40亿,2,1,2024年11月
002607,中公教育,社会服务-教育-教育Ⅲ,128.28亿,3,4,2024年7月、2024年8月、2024年9月、2024年10月
603859,能科科技,计算机-IT服务-IT服务Ⅲ,126.73亿,3,1,2024年11月
000810,创维数字,家用电器-黑色家电-其他黑色家电,125.37亿,2,2,2024年8月、2024年10月
600666,奥瑞德,计算机-IT服务-IT服务Ⅲ,124.37亿,2,7,2024年3月、2024年4月、2024年5月、2024年6月、2024年8月、2024年10月、2024年11月
002400,省广集团,传媒-文化传媒-广告营销,124.13亿,4,2,2024年2月、2024年11月
002354,天娱数科,传媒-文化传媒-广告营销,124.09亿,7,1,2024年11月
600198,大唐电信,电子-半导体-数字芯片设计,122.15亿,2,3,2024年3月、2024年9月、2024年10月
000980,众泰汽车,汽车-汽车整车-乘用车,120.52亿,3,5,2024年2月、2024年8月、2024年9月、2024年10月、2024年11月
600986,浙文互联,传媒-文化传媒-广告营销,118.84亿,2,0,未出现
000880,潍柴重机,机械设备-通用设备-其他通用设备,117.03亿,4,2,2024年7月、2024年11月
600391,航发科技,国防军工-军工装备-航空装备,116.90亿,2,0,未出现
002639,雪人集团,机械设备-通用设备-制冷空调设备,116.14亿,3,0,未出现
000908,景峰医药,医药生物-化学制药-化学制剂,113.49亿,8,8,2024年2月、2024年3月、2024年5月、2024年7月、2024年8月、2024年9月、2024年10月、2024年11月
002730,电光科技,机械设备-专用设备-能源及重型设备,111.41亿,6,0,未出现
300276,三丰智能,机械设备-自动化设备-机器人,110.96亿,2,1,2024年11月
000555,神州信息,计算机-IT服务-IT服务Ⅲ,110.95亿,2,2,2024年4月、2024年9月
002283,天润工业,汽车-汽车零部件-底盘与发动机系统,110.30亿,3,0,未出现
002251,步步高,商贸零售-零售-百货零售,109.16亿,3,8,2024年2月、2024年3月、2024年4月、2024年5月、2024年7月、2024年9月、2024年10月、2024年11月
600545,卓郎智能,机械设备-专用设备-纺织服装设备,106.92亿,6,3,2024年2月、2024年9月、2024年11月
605488,福莱新材,基础化工-塑料制品-膜材料,105.15亿,3,2,2024年1月、2024年4月
603712,七一二,国防军工-军工电子-军工电子Ⅲ,105.15亿,2,0,未出现
002796,世嘉科技,通信-通信设备-通信网络设备及器件,105.06亿,3,4,2024年2月、2024年3月、2024年4月、2024年11月
688165,埃夫特,机械设备-自动化设备-机器人,103.73亿,3,0,未出现
603099,长白山,社会服务-旅游及酒店-自然景点,103.03亿,2,3,2024年1月、2024年5月、2024年11月
600590,泰豪科技,电力设备-其他电源设备-其他电源设备Ⅲ,102.53亿,3,1,2024年10月
605133,嵘泰股份,汽车-汽车零部件-底盘与发动机系统,102.50亿,2,0,未出现
002272,川润股份,机械设备-通用设备-其他通用设备,102.21亿,2,5,2024年2月、2024年3月、2024年7月、2024年8月、2024年10月
