股票代码,股票简称,同花顺行业,总市值,2025年10月单日涨幅大于7%次数,区间内此前单日涨幅大于7%月份数量,区间内此前单日涨幅大于7%月份
601138,工业富联,电子-消费电子-消费电子零部件及组装,"14,466.34亿",3,13,2024年1月、2024年2月、2024年3月、2024年4月、2024年6月、2024年7月、2024年9月、2024年10月、2025年1月、2025年4月、2025年7月、2025年8月、2025年9月
300308,中际旭创,通信-通信设备-通信网络设备及器件,"13,919.13亿",3,14,2024年1月、2024年2月、2024年4月、2024年6月、2024年9月、2024年10月、2025年1月、2025年2月、2025年4月、2025年5月、2025年6月、2025年7月、2025年8月、2025年9月
601899,紫金矿业,有色金属-贵金属-贵金属Ⅲ,"7,987.51亿",1,1,2025年8月
300502,新易盛,通信-通信设备-通信网络设备及器件,"7,654.47亿",3,15,2024年1月、2024年2月、2024年3月、2024年4月、2024年6月、2024年9月、2024年10月、2025年2月、2025年3月、2025年4月、2025年5月、2025年6月、2025年7月、2025年8月、2025年9月
002384,东山精密,电子-元件-印制电路板,"4,561.80亿",2,13,2024年2月、2024年6月、2024年7月、2024年8月、2024年9月、2024年10月、2024年11月、2025年1月、2025年3月、2025年6月、2025年7月、2025年8月、2025年9月
600183,生益科技,电子-元件-印制电路板,"4,357.84亿",3,11,2024年4月、2024年7月、2024年9月、2024年10月、2024年12月、2025年1月、2025年2月、2025年3月、2025年7月、2025年8月、2025年9月
603993,洛阳钼业,有色金属-工业金属-铜,"4,180.61亿",1,4,2024年3月、2025年3月、2025年8月、2025年9月
300394,天孚通信,通信-通信设备-通信网络设备及器件,"3,542.02亿",2,17,2024年1月、2024年2月、2024年3月、2024年4月、2024年6月、2024年7月、2024年9月、2024年10月、2024年12月、2025年1月、2025年2月、2025年4月、2025年5月、2025年6月、2025年7月、2025年8月、2025年9月
300274,阳光电源,电力设备-光伏设备-逆变器,"3,161.44亿",4,10,2024年3月、2024年4月、2024年7月、2024年9月、2024年10月、2025年3月、2025年5月、2025年7月、2025年8月、2025年9月
002415,海康威视,计算机-计算机设备-安防设备,"2,951.09亿",1,2,2024年9月、2025年3月
002916,深南电路,电子-元件-印制电路板,"2,751.10亿",2,13,2024年2月、2024年3月、2024年4月、2024年7月、2024年9月、2024年10月、2024年12月、2025年2月、2025年3月、2025年6月、2025年7月、2025年8月、2025年9月
688347,华虹宏力,电子-半导体-集成电路制造,"2,743.68亿",3,9,2024年2月、2024年7月、2024年9月、2024年10月、2024年11月、2025年2月、2025年4月、2025年8月、2025年9月
002938,鹏鼎控股,电子-元件-印制电路板,"2,507.34亿",1,10,2024年3月、2024年5月、2024年6月、2024年9月、2024年11月、2025年1月、2025年4月、2025年7月、2025年8月、2025年9月
301308,江波龙,电子-半导体-数字芯片设计,"2,285.50亿",3,5,2024年2月、2024年4月、2024年9月、2024年10月、2025年9月
301377,鼎泰高科,机械设备-通用设备-金属制品,"2,277.50亿",6,14,2024年2月、2024年4月、2024年7月、2024年9月、2024年10月、2025年1月、2025年2月、2025年3月、2025年4月、2025年5月、2025年6月、2025年7月、2025年8月、2025年9月
688498,源杰科技,电子-半导体-分立器件,"2,003.06亿",2,16,2024年1月、2024年2月、2024年3月、2024年4月、2024年5月、2024年7月、2024年9月、2024年10月、2024年11月、2024年12月、2025年4月、2025年5月、2025年6月、2025年7月、2025年8月、2025年9月
600111,北方稀土,有色金属-小金属-稀土,"1,879.11亿",2,7,2024年2月、2024年9月、2024年10月、2024年11月、2025年2月、2025年7月、2025年8月
002050,三花智控,家用电器-白色家电-家电零部件,"1,805.02亿",2,8,2024年2月、2024年9月、2024年11月、2024年12月、2025年1月、2025年2月、2025年3月、2025年9月
601898,中煤能源,煤炭-煤炭开采加工-煤炭开采,"1,723.86亿",1,3,2024年1月、2024年2月、2025年7月
000063,中兴通讯,通信-通信设备-通信网络设备及器件,"1,706.80亿",2,8,2024年2月、2024年9月、2024年10月、2024年11月、2024年12月、2025年1月、2025年2月、2025年8月
000792,盐湖股份,基础化工-农化制品-钾肥,"1,648.32亿",1,2,2024年2月、2024年9月
688525,佰维存储,电子-半导体-数字芯片设计,"1,605.59亿",3,9,2024年2月、2024年3月、2024年4月、2024年5月、2024年6月、2024年9月、2024年10月、2024年11月、2025年9月
601100,恒立液压,机械设备-工程机械-工程机械Ⅲ,"1,562.06亿",1,6,2024年2月、2024年9月、2024年10月、2025年1月、2025年2月、2025年3月
001309,德明利,电子-半导体-数字芯片设计,"1,487.34亿",3,11,2024年2月、2024年3月、2024年4月、2024年9月、2024年10月、2025年1月、2025年2月、2025年3月、2025年4月、2025年6月、2025年9月
600362,江西铜业,有色金属-工业金属-铜,"1,413.68亿",3,4,2024年3月、2024年9月、2025年8月、2025年9月
002460,赣锋锂业,有色金属-能源金属-锂,"1,412.66亿",2,10,2024年2月、2024年3月、2024年4月、2024年6月、2024年9月、2024年10月、2024年11月、2025年7月、2025年8月、2025年9月
002028,思源电气,电力设备-电网设备-输变电设备,"1,365.22亿",2,3,2024年2月、2025年7月、2025年9月
688521,芯原股份,电子-半导体-数字芯片设计,"1,310.05亿",1,13,2024年2月、2024年3月、2024年5月、2024年7月、2024年9月、2024年10月、2024年11月、2024年12月、2025年2月、2025年3月、2025年6月、2025年8月、2025年9月
600549,厦门钨业,有色金属-小金属-钨,"1,244.83亿",3,4,2024年2月、2024年3月、2024年9月、2024年11月
600547,山东黄金,有色金属-贵金属-贵金属Ⅲ,"1,220.81亿",1,3,2024年3月、2025年4月、2025年9月
600089,特变电工,综合-综合-综合Ⅲ,"1,218.23亿",2,2,2025年7月、2025年9月
600010,包钢股份,钢铁-钢铁-普钢,"1,117.08亿",2,5,2024年3月、2024年9月、2024年11月、2025年7月、2025年8月
600489,中金黄金,有色金属-贵金属-贵金属Ⅲ,"1,091.61亿",2,3,2024年7月、2025年7月、2025年9月
002466,天齐锂业,有色金属-能源金属-锂,"1,044.33亿",2,10,2024年1月、2024年2月、2024年3月、2024年9月、2024年10月、2024年11月、2025年2月、2025年7月、2025年8月、2025年9月
600875,东方电气,电力设备-其他电源设备-其他电源设备Ⅲ,"1,043.44亿",1,2,2024年9月、2025年7月
688126,沪硅产业,电子-半导体-半导体材料,"1,026.21亿",2,6,2024年9月、2024年10月、2024年11月、2025年2月、2025年8月、2025年9月
601727,上海电气,电力设备-其他电源设备-其他电源设备Ⅲ,"1,025.63亿",1,8,2024年9月、2024年10月、2024年11月、2024年12月、2025年1月、2025年2月、2025年5月、2025年9月
000630,铜陵有色,有色金属-工业金属-铜,"1,015.10亿",1,4,2024年3月、2024年9月、2025年8月、2025年9月
603799,华友钴业,有色金属-能源金属-钴,"1,005.27亿",1,7,2024年4月、2024年7月、2024年9月、2024年10月、2024年11月、2025年7月、2025年9月
688111,金山办公,计算机-软件开发-横向通用软件,994.38亿,1,10,2024年2月、2024年3月、2024年7月、2024年9月、2024年10月、2024年11月、2025年1月、2025年2月、2025年3月、2025年8月
300136,信维通信,电子-消费电子-消费电子零部件及组装,969.12亿,3,10,2024年2月、2024年3月、2024年4月、2024年6月、2024年7月、2024年9月、2024年10月、2024年11月、2025年6月、2025年8月
300475,香农芯创,电子-其他电子-其他电子Ⅲ,959.79亿,4,8,2024年2月、2024年3月、2024年4月、2024年9月、2024年10月、2025年2月、2025年3月、2025年9月
002156,通富微电,电子-半导体-集成电路封测,955.02亿,1,9,2024年2月、2024年3月、2024年7月、2024年9月、2024年10月、2024年11月、2025年4月、2025年8月、2025年9月
002851,麦格米特,电力设备-其他电源设备-其他电源设备Ⅲ,952.04亿,1,14,2024年2月、2024年5月、2024年7月、2024年9月、2024年10月、2024年11月、2024年12月、2025年1月、2025年2月、2025年3月、2025年4月、2025年7月、2025年8月、2025年9月
000617,中油资本,非银金融-多元金融-多元金融Ⅲ,930.46亿,1,8,2024年1月、2024年2月、2024年9月、2024年10月、2024年11月、2025年4月、2025年7月、2025年8月
688172,燕东微,电子-半导体-分立器件,927.95亿,2,8,2024年2月、2024年4月、2024年9月、2024年10月、2024年11月、2024年12月、2025年2月、2025年8月
600105,永鼎股份,通信-通信设备-通信线缆及配套,860.82亿,3,14,2024年2月、2024年4月、2024年8月、2024年9月、2024年10月、2024年11月、2025年1月、2025年2月、2025年3月、2025年4月、2025年5月、2025年7月、2025年8月、2025年9月
688249,晶合集成,电子-半导体-集成电路制造,845.20亿,3,5,2024年2月、2024年9月、2024年10月、2024年11月、2025年9月
688361,中科飞测,电子-半导体-半导体设备,843.89亿,1,13,2024年2月、2024年4月、2024年7月、2024年8月、2024年9月、2024年10月、2024年11月、2024年12月、2025年1月、2025年2月、2025年3月、2025年8月、2025年9月
002202,金风科技,电力设备-风电设备-风电整机,826.56亿,2,6,2024年8月、2024年9月、2024年10月、2024年11月、2025年8月、2025年9月
300666,江丰电子,电子-半导体-半导体材料,794.93亿,1,7,2024年2月、2024年4月、2024年6月、2024年9月、2024年10月、2024年11月、2025年9月
300223,北京君正,电子-半导体-数字芯片设计,783.63亿,2,8,2024年2月、2024年4月、2024年9月、2024年10月、2024年12月、2025年2月、2025年3月、2025年9月
688313,仕佳光子,通信-通信设备-通信网络设备及器件,781.53亿,3,15,2024年2月、2024年3月、2024年4月、2024年9月、2024年10月、2024年11月、2024年12月、2025年1月、2025年2月、2025年4月、2025年5月、2025年6月、2025年7月、2025年8月、2025年9月
603228,景旺电子,电子-元件-印制电路板,769.67亿,3,13,2024年2月、2024年4月、2024年6月、2024年9月、2024年10月、2024年12月、2025年1月、2025年2月、2025年3月、2025年6月、2025年7月、2025年8月、2025年9月
600869,远东股份,电力设备-电网设备-线缆部件及其他,754.58亿,1,12,2024年2月、2024年4月、2024年5月、2024年7月、2024年9月、2024年10月、2024年12月、2025年1月、2025年2月、2025年5月、2025年8月、2025年9月
002436,兴森科技,电子-元件-印制电路板,749.56亿,1,11,2024年2月、2024年8月、2024年9月、2024年10月、2024年11月、2025年2月、2025年3月、2025年4月、2025年7月、2025年8月、2025年9月
002636,金安国纪,电子-元件-印制电路板,738.85亿,2,12,2024年2月、2024年3月、2024年4月、2024年7月、2024年9月、2024年10月、2024年11月、2025年1月、2025年2月、2025年7月、2025年8月、2025年9月
601168,西部矿业,有色金属-工业金属-铜,737.06亿,1,2,2024年3月、2024年4月
688766,普冉股份,电子-半导体-数字芯片设计,718.98亿,2,13,2024年2月、2024年4月、2024年5月、2024年9月、2024年10月、2024年11月、2024年12月、2025年1月、2025年2月、2025年3月、2025年4月、2025年8月、2025年9月
000426,兴业银锡,有色金属-贵金属-贵金属Ⅲ,710.43亿,1,6,2024年2月、2024年3月、2024年5月、2024年9月、2025年6月、2025年9月
300395,菲利华,国防军工-军工装备-航空装备,691.07亿,1,9,2024年2月、2024年9月、2024年10月、2025年2月、2025年4月、2025年6月、2025年7月、2025年8月、2025年9月
000960,锡业股份,有色金属-小金属-其他小金属,685.16亿,1,5,2024年2月、2024年9月、2025年3月、2025年8月、2025年9月
300285,国瓷材料,电子-电子化学品-电子化学品Ⅲ,672.31亿,1,8,2024年2月、2024年4月、2024年9月、2024年10月、2025年2月、2025年6月、2025年7月、2025年8月
688469,芯联集成,电子-半导体-集成电路制造,668.10亿,1,6,2024年2月、2024年6月、2024年9月、2024年10月、2024年11月、2025年9月
688187,时代电气,机械设备-轨交设备-轨交设备Ⅲ,665.80亿,1,5,2024年1月、2024年3月、2024年6月、2024年9月、2024年10月
688585,上纬新材,基础化工-塑料制品-合成树脂,662.36亿,3,10,2024年2月、2024年4月、2024年5月、2024年9月、2024年10月、2024年11月、2025年5月、2025年7月、2025年8月、2025年9月
688048,长光华芯,电子-半导体-分立器件,661.63亿,1,12,2024年2月、2024年3月、2024年4月、2024年6月、2024年9月、2024年10月、2024年11月、2025年1月、2025年2月、2025年4月、2025年8月、2025年9月
002428,云南锗业,有色金属-小金属-其他小金属,660.96亿,1,10,2024年2月、2024年6月、2024年7月、2024年8月、2024年9月、2024年10月、2024年11月、2024年12月、2025年7月、2025年8月
002409,雅克科技,电子-半导体-半导体材料,655.64亿,1,5,2024年2月、2024年4月、2024年5月、2024年9月、2024年10月
603083,剑桥科技,通信-通信设备-通信终端及配件,655.01亿,1,13,2024年1月、2024年2月、2024年4月、2024年6月、2024年9月、2024年10月、2024年11月、2025年1月、2025年5月、2025年6月、2025年7月、2025年8月、2025年9月
000831,中国稀土,有色金属-小金属-稀土,647.03亿,2,8,2024年2月、2024年4月、2024年9月、2024年10月、2024年11月、2025年3月、2025年7月、2025年8月
000021,深科技,电子-消费电子-消费电子零部件及组装,641.87亿,1,8,2024年2月、2024年4月、2024年8月、2024年9月、2024年10月、2024年11月、2025年1月、2025年9月
600460,士兰微,电子-半导体-模拟芯片设计,637.01亿,2,4,2024年7月、2024年8月、2024年9月、2024年10月
301358,湖南裕能,电力设备-电池-电池化学品,633.35亿,3,10,2024年2月、2024年3月、2024年4月、2024年5月、2024年9月、2024年10月、2024年11月、2025年5月、2025年8月、2025年9月
688110,东芯股份,电子-半导体-数字芯片设计,619.77亿,1,12,2024年2月、2024年3月、2024年4月、2024年6月、2024年7月、2024年9月、2024年10月、2024年12月、2025年2月、2025年7月、2025年8月、2025年9月
300751,迈为股份,电力设备-光伏设备-光伏加工设备,614.70亿,1,7,2024年4月、2024年5月、2024年9月、2024年10月、2024年11月、2025年5月、2025年9月
601061,中信金属,商贸零售-贸易-贸易Ⅲ,607.11亿,3,3,2024年1月、2024年2月、2024年9月
601126,四方股份,电力设备-电网设备-电气自控设备,600.42亿,4,4,2024年5月、2024年6月、2025年2月、2025年3月
000975,山金国际,有色金属-贵金属-贵金属Ⅲ,600.25亿,1,2,2024年5月、2025年4月
002185,华天科技,电子-半导体-集成电路封测,592.23亿,1,5,2024年2月、2024年9月、2024年10月、2024年11月、2025年6月
600988,赤峰黄金,有色金属-贵金属-贵金属Ⅲ,591.91亿,2,9,2024年2月、2024年3月、2024年4月、2024年10月、2025年2月、2025年3月、2025年4月、2025年8月、2025年9月
300373,扬杰科技,电子-半导体-分立器件,591.16亿,1,7,2024年1月、2024年2月、2024年7月、2024年9月、2024年10月、2025年4月、2025年8月
688409,富创精密,电子-半导体-半导体设备,580.39亿,1,9,2024年2月、2024年4月、2024年9月、2024年10月、2024年11月、2025年3月、2025年5月、2025年8月、2025年9月
600580,卧龙电驱,电力设备-电机-电机Ⅲ,552.21亿,1,14,2024年2月、2024年3月、2024年4月、2024年5月、2024年9月、2024年10月、2024年11月、2024年12月、2025年1月、2025年2月、2025年3月、2025年7月、2025年8月、2025年9月
301269,华大九天,计算机-软件开发-垂直应用软件,543.31亿,2,9,2024年2月、2024年6月、2024年9月、2024年10月、2024年11月、2024年12月、2025年3月、2025年4月、2025年5月
603156,养元饮品,食品饮料-饮料制造-软饮料,532.72亿,1,3,2024年2月、2024年9月、2025年9月
600885,宏发股份,电力设备-电网设备-输变电设备,527.73亿,1,3,2024年2月、2024年9月、2025年9月
601699,潞安环能,煤炭-煤炭开采加工-煤炭开采,523.50亿,1,3,2024年2月、2024年9月、2025年7月
688027,国盾量子,通信-通信设备-通信终端及配件,522.33亿,5,9,2024年2月、2024年3月、2024年4月、2024年9月、2024年10月、2024年11月、2024年12月、2025年8月、2025年9月
601618,中国中冶,建筑装饰-建筑装饰-专业工程,513.68亿,1,4,2024年9月、2024年10月、2024年11月、2025年9月
600392,盛和资源,有色金属-小金属-稀土,508.85亿,2,8,2024年2月、2024年4月、2024年9月、2024年10月、2024年11月、2025年5月、2025年7月、2025年8月
002273,水晶光电,电子-光学光电子-光学元件,498.82亿,1,7,2024年2月、2024年3月、2024年7月、2024年9月、2024年10月、2025年2月、2025年8月
601238,广汽集团,汽车-汽车整车-乘用车,493.59亿,1,1,2024年12月
600021,上海电力,公用事业-电力-火电,492.59亿,6,3,2024年9月、2025年8月、2025年9月
002407,多氟多,基础化工-化学制品-氟化工,468.20亿,4,7,2024年2月、2024年3月、2024年4月、2024年9月、2024年10月、2024年11月、2025年9月
603979,金诚信,有色金属-工业金属-铜,453.68亿,1,3,2024年9月、2025年4月、2025年9月
601212,白银有色,有色金属-工业金属-铜,447.99亿,5,6,2024年2月、2024年4月、2024年5月、2024年9月、2025年6月、2025年9月
002738,中矿资源,有色金属-小金属-其他小金属,445.88亿,1,8,2024年1月、2024年2月、2024年6月、2024年9月、2024年11月、2025年7月、2025年8月、2025年9月
688676,金盘科技,电力设备-电网设备-输变电设备,445.58亿,3,11,2024年3月、2024年4月、2024年5月、2024年9月、2024年10月、2024年11月、2024年12月、2025年1月、2025年2月、2025年7月、2025年8月
300806,斯迪克,基础化工-塑料制品-膜材料,439.70亿,1,10,2024年2月、2024年4月、2024年6月、2024年9月、2024年10月、2024年11月、2025年1月、2025年2月、2025年8月、2025年9月
300346,南大光电,电子-电子化学品-电子化学品Ⅲ,437.57亿,1,6,2024年2月、2024年5月、2024年6月、2024年9月、2024年10月、2025年9月
603688,石英股份,基础化工-非金属材料-非金属材料Ⅲ,435.13亿,2,7,2024年3月、2024年9月、2024年10月、2025年3月、2025年4月、2025年6月、2025年8月
000878,云南铜业,有色金属-工业金属-铜,432.17亿,1,5,2024年2月、2024年3月、2024年5月、2024年9月、2025年9月
688025,杰普特,机械设备-自动化设备-激光设备,426.71亿,2,8,2024年2月、2024年9月、2024年10月、2024年11月、2025年3月、2025年6月、2025年8月、2025年9月
300115,长盈精密,电子-消费电子-消费电子零部件及组装,420.92亿,1,11,2024年2月、2024年4月、2024年7月、2024年9月、2024年10月、2024年12月、2025年2月、2025年3月、2025年5月、2025年7月、2025年9月
300748,金力永磁,有色金属-金属新材料-磁性材料,416.71亿,2,10,2024年2月、2024年9月、2024年10月、2024年11月、2025年2月、2025年4月、2025年5月、2025年6月、2025年7月、2025年8月
603308,应流股份,机械设备-通用设备-金属制品,416.46亿,1,9,2024年2月、2024年3月、2024年4月、2024年9月、2024年10月、2025年1月、2025年4月、2025年7月、2025年9月
001267,汇绿生态,通信-通信设备-通信网络设备及器件,416.14亿,4,13,2024年5月、2024年6月、2024年7月、2024年9月、2024年10月、2024年11月、2024年12月、2025年1月、2025年4月、2025年6月、2025年7月、2025年8月、2025年9月
600711,盛屯矿业,有色金属-工业金属-铜,409.51亿,2,6,2024年2月、2024年4月、2024年6月、2024年7月、2025年8月、2025年9月
002831,裕同科技,轻工制造-包装印刷-包装,396.81亿,1,2,2024年2月、2024年9月
603650,彤程新材,基础化工-橡胶制品-其他橡胶制品,394.23亿,1,7,2024年2月、2024年5月、2024年9月、2024年10月、2024年11月、2025年3月、2025年9月
002340,格林美,电力设备-电池-电池化学品,389.31亿,1,5,2024年2月、2024年3月、2024年4月、2024年9月、2024年10月
300811,铂科新材,有色金属-金属新材料-磁性材料,387.99亿,1,11,2024年1月、2024年2月、2024年4月、2024年5月、2024年7月、2024年9月、2024年10月、2024年12月、2025年7月、2025年8月、2025年9月
688122,西部超导,国防军工-军工装备-航空装备,381.61亿,2,5,2024年2月、2024年9月、2024年10月、2025年4月、2025年9月
600667,太极实业,建筑装饰-建筑装饰-工程咨询服务,376.27亿,2,6,2024年2月、2024年3月、2024年4月、2024年9月、2024年10月、2024年11月
688257,新锐股份,机械设备-通用设备-金属制品,358.11亿,1,6,2024年2月、2024年9月、2024年10月、2025年2月、2025年7月、2025年9月
600259,中稀有色,有色金属-小金属-稀土,357.09亿,1,9,2024年2月、2024年9月、2024年11月、2025年1月、2025年4月、2025年5月、2025年6月、2025年7月、2025年8月
300972,万辰集团,商贸零售-零售-百货零售,354.02亿,1,12,2024年2月、2024年7月、2024年8月、2024年9月、2024年10月、2024年11月、2024年12月、2025年1月、2025年3月、2025年4月、2025年6月、2025年8月
600801,华新建材,建筑材料-建筑材料-水泥,348.19亿,2,2,2024年9月、2025年7月
300814,中富电路,电子-元件-印制电路板,347.20亿,2,13,2024年1月、2024年2月、2024年3月、2024年4月、2024年6月、2024年9月、2024年10月、2024年12月、2025年1月、2025年2月、2025年6月、2025年8月、2025年9月
300953,震裕科技,电力设备-电池-锂电池,345.97亿,1,15,2024年2月、2024年3月、2024年7月、2024年9月、2024年10月、2024年11月、2024年12月、2025年1月、2025年2月、2025年3月、2025年4月、2025年6月、2025年7月、2025年8月、2025年9月
688301,奕瑞科技,医药生物-医疗器械-医疗设备,345.70亿,1,10,2024年2月、2024年3月、2024年4月、2024年7月、2024年9月、2024年10月、2024年11月、2025年1月、2025年5月、2025年8月
301550,斯菱智驱,汽车-汽车零部件-底盘与发动机系统,344.87亿,2,18,2024年2月、2024年4月、2024年5月、2024年6月、2024年7月、2024年9月、2024年10月、2024年11月、2024年12月、2025年1月、2025年2月、2025年3月、2025年4月、2025年5月、2025年6月、2025年7月、2025年8月、2025年9月
688599,天合光能,电力设备-光伏设备-光伏电池组件,343.42亿,2,6,2024年5月、2024年9月、2024年10月、2025年2月、2025年7月、2025年9月
601611,中国核建,建筑装饰-建筑装饰-基础建设,342.37亿,5,4,2024年9月、2024年10月、2025年3月、2025年4月
688336,三生国健,医药生物-生物制品-其他生物制品,341.06亿,3,11,2024年2月、2024年3月、2024年4月、2024年9月、2024年10月、2025年2月、2025年4月、2025年5月、2025年7月、2025年8月、2025年9月
000962,东方钽业,有色金属-小金属-其他小金属,339.47亿,4,7,2024年5月、2024年9月、2024年10月、2024年11月、2025年1月、2025年8月、2025年9月
000981,山子高科,汽车-汽车零部件-底盘与发动机系统,336.91亿,3,12,2024年3月、2024年7月、2024年8月、2024年9月、2024年10月、2024年11月、2024年12月、2025年1月、2025年2月、2025年5月、2025年8月、2025年9月
600206,有研新材,电子-半导体-半导体材料,331.09亿,1,7,2024年2月、2024年9月、2024年10月、2024年11月、2025年2月、2025年4月、2025年9月
300458,全志科技,电子-半导体-数字芯片设计,330.09亿,1,11,2024年2月、2024年4月、2024年6月、2024年7月、2024年9月、2024年10月、2024年12月、2025年1月、2025年2月、2025年3月、2025年9月
600871,石化油服,石油石化-油气开采及服务-油服工程,328.19亿,2,3,2024年9月、2024年10月、2025年6月
601001,晋控煤业,煤炭-煤炭开采加工-煤炭开采,327.88亿,1,5,2024年2月、2024年3月、2024年5月、2025年1月、2025年7月
688388,嘉元科技,电力设备-电池-锂电池,323.07亿,2,11,2024年2月、2024年3月、2024年4月、2024年9月、2024年10月、2024年11月、2025年2月、2025年4月、2025年7月、2025年8月、2025年9月
688248,南网科技,公用事业-电力-电能综合服务,318.89亿,1,7,2024年2月、2024年3月、2024年5月、2024年9月、2024年10月、2025年7月、2025年9月
600884,杉杉股份,电力设备-电池-电池化学品,316.49亿,1,6,2024年2月、2024年9月、2024年10月、2024年11月、2025年2月、2025年9月
600641,先导基电,电子-半导体-半导体材料,311.90亿,1,7,2024年2月、2024年9月、2024年10月、2024年11月、2025年1月、2025年3月、2025年9月
300260,新莱应材,轻工制造-包装印刷-包装,307.08亿,4,13,2024年2月、2024年5月、2024年6月、2024年9月、2024年10月、2024年11月、2024年12月、2025年1月、2025年3月、2025年4月、2025年5月、2025年8月、2025年9月
603730,岱美股份,汽车-汽车零部件-车身附件及饰件,304.02亿,1,2,2024年4月、2024年9月
002518,科士达,电力设备-其他电源设备-其他电源设备Ⅲ,296.06亿,2,9,2024年2月、2024年9月、2024年10月、2024年12月、2025年1月、2025年2月、2025年3月、2025年8月、2025年9月
002364,中恒电气,电力设备-其他电源设备-其他电源设备Ⅲ,294.41亿,1,10,2024年2月、2024年4月、2024年7月、2024年9月、2024年12月、2025年1月、2025年2月、2025年5月、2025年8月、2025年9月
603061,金海通,电子-半导体-半导体设备,292.93亿,2,7,2024年2月、2024年5月、2024年9月、2024年10月、2025年1月、2025年4月、2025年9月
300073,当升科技,电力设备-电池-电池化学品,288.37亿,1,10,2024年2月、2024年3月、2024年4月、2024年5月、2024年8月、2024年9月、2024年10月、2025年2月、2025年3月、2025年9月
600353,旭光电子,电子-其他电子-其他电子Ⅲ,287.76亿,2,12,2024年2月、2024年6月、2024年9月、2024年10月、2024年11月、2025年2月、2025年4月、2025年5月、2025年6月、2025年7月、2025年8月、2025年9月
002459,晶澳科技,电力设备-光伏设备-光伏电池组件,287.61亿,2,10,2024年1月、2024年2月、2024年3月、2024年5月、2024年8月、2024年9月、2024年10月、2025年7月、2025年8月、2025年9月
000877,天山股份,建筑材料-建筑材料-水泥,287.26亿,1,6,2024年8月、2024年9月、2024年10月、2025年7月、2025年8月、2025年9月
601615,明阳智能,电力设备-风电设备-风电整机,286.31亿,1,6,2024年4月、2024年9月、2024年10月、2024年11月、2025年8月、2025年9月
300602,飞荣达,电子-消费电子-消费电子零部件及组装,281.62亿,2,13,2024年2月、2024年3月、2024年4月、2024年5月、2024年6月、2024年7月、2024年9月、2024年10月、2024年12月、2025年2月、2025年7月、2025年8月、2025年9月
000737,北方铜业,有色金属-工业金属-铜,280.18亿,1,13,2024年2月、2024年3月、2024年4月、2024年5月、2024年7月、2024年9月、2024年11月、2025年1月、2025年3月、2025年6月、2025年7月、2025年8月、2025年9月
605111,新洁能,电子-半导体-分立器件,275.49亿,1,7,2024年1月、2024年2月、2024年3月、2024年5月、2024年7月、2024年9月、2024年10月
002552,宝鼎科技,电子-元件-印制电路板,275.20亿,1,7,2024年4月、2024年7月、2024年9月、2024年12月、2025年1月、2025年4月、2025年7月
300677,英科医疗,医药生物-医疗器械-医疗耗材,274.47亿,1,6,2024年2月、2024年3月、2024年7月、2024年9月、2024年10月、2025年8月
603516,淳中科技,计算机-计算机设备-其他计算机设备,273.68亿,2,14,2024年2月、2024年3月、2024年4月、2024年5月、2024年7月、2024年9月、2024年10月、2024年11月、2024年12月、2025年1月、2025年2月、2025年7月、2025年8月、2025年9月
601399,国机重装,机械设备-专用设备-能源及重型设备,270.51亿,1,4,2024年2月、2024年10月、2025年3月、2025年7月
300255,常山药业,医药生物-化学制药-化学制剂,269.93亿,3,14,2024年2月、2024年4月、2024年6月、2024年8月、2024年9月、2024年10月、2024年12月、2025年1月、2025年2月、2025年4月、2025年5月、2025年6月、2025年7月、2025年8月
600536,中国软件,计算机-IT服务-IT服务Ⅲ,267.81亿,1,6,2024年3月、2024年9月、2024年10月、2024年11月、2025年2月、2025年4月
002430,杭氧股份,基础化工-化学制品-其他化学制品,267.09亿,2,2,2024年2月、2024年9月
000969,安泰科技,有色金属-金属新材料-其他金属新材料,266.31亿,6,7,2024年2月、2024年4月、2024年9月、2024年10月、2024年11月、2025年1月、2025年5月
603115,海星股份,电子-电子化学品-电子化学品Ⅲ,263.76亿,1,7,2024年4月、2024年9月、2024年10月、2025年2月、2025年7月、2025年8月、2025年9月
002716,湖南白银,有色金属-贵金属-贵金属Ⅲ,262.55亿,1,11,2024年3月、2024年4月、2024年5月、2024年9月、2024年10月、2024年11月、2025年4月、2025年6月、2025年7月、2025年8月、2025年9月
301123,奕东电子,电子-消费电子-消费电子零部件及组装,262.28亿,1,11,2024年2月、2024年3月、2024年4月、2024年5月、2024年9月、2024年10月、2025年1月、2025年5月、2025年7月、2025年8月、2025年9月
688308,欧科亿,机械设备-通用设备-金属制品,261.91亿,3,9,2024年1月、2024年2月、2024年4月、2024年5月、2024年9月、2024年10月、2024年11月、2025年2月、2025年9月
002266,浙富控股,环保-环境治理-固废治理,259.40亿,1,5,2024年2月、2024年4月、2024年9月、2025年7月、2025年9月
300724,捷佳伟创,电力设备-光伏设备-光伏加工设备,256.59亿,1,8,2024年2月、2024年4月、2024年7月、2024年9月、2024年10月、2024年11月、2025年8月、2025年9月
600595,中孚实业,有色金属-工业金属-铝,254.50亿,2,11,2024年2月、2024年4月、2024年7月、2024年9月、2024年10月、2024年11月、2025年2月、2025年3月、2025年6月、2025年7月、2025年9月
603667,五洲新春,机械设备-通用设备-金属制品,254.34亿,1,15,2024年2月、2024年3月、2024年4月、2024年5月、2024年7月、2024年9月、2024年11月、2024年12月、2025年1月、2025年2月、2025年3月、2025年4月、2025年5月、2025年8月、2025年9月
600577,精达股份,电力设备-电网设备-线缆部件及其他,253.83亿,1,10,2024年2月、2024年3月、2024年4月、2024年7月、2024年8月、2024年9月、2024年10月、2024年11月、2024年12月、2025年1月
002645,华宏科技,环保-环境治理-综合环境治理,253.27亿,2,11,2024年2月、2024年3月、2024年4月、2024年7月、2024年9月、2024年10月、2025年3月、2025年6月、2025年7月、2025年8月、2025年9月
601106,中国一重,机械设备-专用设备-能源及重型设备,246.19亿,1,4,2024年2月、2024年9月、2024年10月、2025年3月
688772,珠海冠宇,电力设备-电池-锂电池,245.91亿,2,6,2024年2月、2024年9月、2024年10月、2025年2月、2025年8月、2025年9月
601069,西部黄金,有色金属-贵金属-贵金属Ⅲ,245.42亿,2,9,2024年3月、2024年4月、2024年5月、2024年9月、2025年3月、2025年4月、2025年5月、2025年6月、2025年9月
601608,中信重工,机械设备-专用设备-能源及重型设备,241.34亿,4,5,2024年2月、2024年9月、2024年11月、2025年3月、2025年7月
002841,视源股份,电子-消费电子-品牌消费电子,239.85亿,1,4,2024年9月、2024年10月、2025年2月、2025年8月
000158,常山北明,计算机-IT服务-IT服务Ⅲ,239.79亿,1,12,2024年1月、2024年4月、2024年7月、2024年8月、2024年9月、2024年10月、2024年11月、2025年1月、2025年2月、2025年4月、2025年5月、2025年7月
300835,龙磁科技,有色金属-金属新材料-磁性材料,239.63亿,1,13,2024年1月、2024年4月、2024年6月、2024年9月、2024年10月、2024年11月、2025年1月、2025年4月、2025年5月、2025年6月、2025年7月、2025年8月、2025年9月
688268,华特气体,电子-电子化学品-电子化学品Ⅲ,235.92亿,1,7,2024年1月、2024年2月、2024年7月、2024年9月、2024年10月、2025年3月、2025年8月
002957,科瑞技术,机械设备-自动化设备-工控设备,233.30亿,2,8,2024年2月、2024年3月、2024年4月、2024年9月、2024年10月、2024年11月、2025年3月、2025年9月
002171,楚江新材,有色金属-工业金属-铜,232.73亿,2,3,2024年3月、2024年9月、2024年11月
601606,长城军工,国防军工-军工装备-地面兵装,232.33亿,4,10,2024年2月、2024年5月、2024年9月、2024年10月、2024年11月、2025年2月、2025年4月、2025年6月、2025年7月、2025年8月
603301,振德医疗,医药生物-医疗器械-医疗耗材,232.21亿,6,3,2024年2月、2024年9月、2025年9月
603530,神马电力,电力设备-电网设备-线缆部件及其他,230.52亿,1,9,2024年1月、2024年2月、2024年4月、2024年5月、2024年6月、2024年8月、2024年9月、2025年1月、2025年7月
301345,涛涛车业,汽车-汽车服务及其他-其他运输设备,228.25亿,1,7,2024年9月、2024年10月、2025年1月、2025年4月、2025年6月、2025年7月、2025年9月
002318,久立特材,钢铁-钢铁-特钢,225.63亿,1,0,未出现
603588,高能环境,环保-环境治理-固废治理,223.92亿,1,4,2024年2月、2024年4月、2024年9月、2025年3月
603938,三孚股份,基础化工-化学原料-其他化学原料,219.93亿,4,7,2024年2月、2024年4月、2024年9月、2024年10月、2025年3月、2025年4月、2025年7月
601609,金田股份,有色金属-工业金属-铜,219.71亿,1,4,2024年9月、2024年12月、2025年7月、2025年8月
603077,和邦生物,基础化工-农化制品-磷肥及磷化工,216.38亿,1,2,2024年9月、2024年12月
601666,平煤股份,煤炭-煤炭开采加工-煤炭开采,216.07亿,1,3,2024年2月、2024年9月、2025年7月
600521,华海药业,医药生物-化学制药-化学制剂,215.01亿,1,9,2024年2月、2024年4月、2024年7月、2024年9月、2025年5月、2025年6月、2025年7月、2025年8月、2025年9月
301093,华兰股份,医药生物-医疗器械-医疗耗材,214.96亿,1,8,2024年2月、2024年4月、2024年7月、2024年9月、2024年10月、2025年5月、2025年6月、2025年9月
300179,四方达,机械设备-通用设备-磨具磨料,214.40亿,4,9,2024年2月、2024年4月、2024年9月、2024年10月、2024年11月、2024年12月、2025年1月、2025年2月、2025年3月
603026,石大胜华,电力设备-电池-电池化学品,211.87亿,2,9,2024年1月、2024年2月、2024年3月、2024年4月、2024年9月、2024年10月、2024年11月、2025年3月、2025年9月
603226,菲林格尔,轻工制造-家居用品-瓷砖地板,210.20亿,1,14,2024年3月、2024年4月、2024年10月、2024年11月、2024年12月、2025年1月、2025年2月、2025年3月、2025年4月、2025年5月、2025年6月、2025年7月、2025年8月、2025年9月
002913,奥士康,电子-元件-印制电路板,208.79亿,1,8,2024年2月、2024年3月、2024年9月、2024年10月、2025年1月、2025年2月、2025年7月、2025年8月
601020,华钰矿业,有色金属-工业金属-铅锌,207.70亿,2,13,2024年1月、2024年2月、2024年4月、2024年5月、2024年7月、2024年8月、2024年9月、2024年11月、2025年3月、2025年4月、2025年7月、2025年8月、2025年9月
600967,内蒙一机,国防军工-军工装备-地面兵装,206.60亿,1,11,2024年2月、2024年9月、2024年12月、2025年1月、2025年2月、2025年3月、2025年4月、2025年5月、2025年6月、2025年7月、2025年8月
001287,中电港,电子-其他电子-其他电子Ⅲ,204.57亿,2,8,2024年1月、2024年2月、2024年8月、2024年9月、2024年10月、2024年12月、2025年4月、2025年7月
002249,大洋电机,电力设备-电机-电机Ⅲ,204.41亿,2,7,2024年2月、2024年9月、2025年1月、2025年3月、2025年4月、2025年8月、2025年9月
301183,东田微,电子-光学光电子-光学元件,203.31亿,4,11,2024年2月、2024年3月、2024年4月、2024年6月、2024年9月、2024年10月、2024年11月、2024年12月、2025年1月、2025年7月、2025年8月
300199,翰宇药业,医药生物-化学制药-原料药,202.97亿,1,10,2024年2月、2024年6月、2024年9月、2024年10月、2024年11月、2024年12月、2025年3月、2025年6月、2025年7月、2025年8月
603283,赛腾股份,机械设备-自动化设备-工控设备,202.10亿,1,13,2024年1月、2024年2月、2024年3月、2024年5月、2024年6月、2024年7月、2024年8月、2024年9月、2024年11月、2025年1月、2025年3月、2025年6月、2025年8月
