排名,较上季度排名变化,股票代码,股票简称,总市值,持有该股票的基金数量
1,持平,600519,贵州茅台,29.08亿,81
2,↑1,300750,宁德时代,33.06亿,72
3,↓1,600036,招商银行,12.83亿,47
4,↑4,000858,五粮液,16.04亿,43
5,↑19,300059,东方财富,17.62亿,40
6,↑16,601012,隆基绿能,18.43亿,34
7,持平,002415,海康威视,21.87亿,31
8,↑4,000001,平安银行,20.10亿,29
9,↓3,601166,兴业银行,13.15亿,29
10,↑8,300014,亿纬锂能,9.44亿,29
11,↑3,002475,立讯精密,11.39亿,28
12,↑20,603259,药明康德,4.19亿,28
13,↑8,002460,赣锋锂业,16.06亿,25
14,↑12,002142,宁波银行,9.88亿,25
15,↓11,000002,万科A,6.50亿,25
16,↑9,300760,迈瑞医疗,6.21亿,25
17,↑18,603799,华友钴业,16.10亿,24
18,↓8,601899,紫金矿业,15.14亿,23
19,↑49,002049,紫光国微,8.89亿,22
20,↑69,603986,兆易创新,9.06亿,20
21,↓10,601888,中国中免,6.65亿,20
22,↑222,002812,恩捷股份,5.37亿,20
23,↓7,600690,海尔智家,27.00亿,19
24,↑111,002241,歌尔股份,14.19亿,19
25,↑4,002311,海大集团,5.43亿,19
26,↑8,300124,汇川技术,3.44亿,19
27,↑158,002371,北方华创,11.05亿,18
28,↑25,300782,卓胜微,5.46亿,17
29,新进,600905,三峡能源,0.88亿,17
30,↑6,600309,万华化学,10.87亿,16
31,↓22,000333,美的集团,10.61亿,16
32,↑12,601225,陕西煤业,7.00亿,16
33,↑4,603501,韦尔股份,5.75亿,16
34,↓11,600887,伊利股份,2.41亿,16
35,↓30,601318,中国平安,1.49亿,16
36,↑190,600399,抚顺特钢,5.74亿,15
37,↓17,601601,中国太保,3.58亿,15
38,↑4,000807,云铝股份,7.93亿,14
39,↑2,601058,赛轮轮胎,7.40亿,14
40,↑185,300274,阳光电源,8.03亿,13
41,↑9,601677,明泰铝业,6.77亿,13
42,↓15,601939,建设银行,6.29亿,13
43,↑2,600900,长江电力,5.52亿,13
44,↓27,601398,工商银行,4.73亿,13
45,↓32,600048,保利发展,3.17亿,13
46,↑37,600741,华域汽车,2.10亿,13
47,↑19,600660,福耀玻璃,14.10亿,12
48,↑3,002027,分众传媒,7.51亿,12
49,↓19,000725,京东方A,6.77亿,12
50,↓7,000933,神火股份,3.81亿,12
51,↑3,000568,泸州老窖,3.09亿,12
52,↑47,002466,天齐锂业,2.82亿,12
53,↑114,002594,比亚迪,2.61亿,12
54,↑13,002074,国轩高科,9.94亿,11
55,新进,000683,远兴能源,6.41亿,11
56,↓17,300408,三环集团,5.97亿,11
57,↑181,000063,中兴通讯,2.65亿,11
58,↓20,601088,中国神华,2.21亿,11
59,↓11,601668,中国建筑,1.79亿,11
60,↑305,603659,璞泰来,1.38亿,11
61,↓30,300122,智飞生物,0.60亿,11
62,↑25,600460,士兰微,8.77亿,10
63,↑103,600438,通威股份,5.84亿,10
64,↑305,002129,TCL中环,4.91亿,10
65,↓16,000733,振华科技,4.31亿,10
66,↑10,300496,中科创达,3.89亿,10
67,↓39,600031,三一重工,3.62亿,10
68,新进,002738,中矿资源,3.36亿,10
69,↑96,300015,爱尔眼科,1.60亿,10
70,↑160,002624,完美世界,1.57亿,10
71,↑31,601636,旗滨集团,1.24亿,10
72,↓53,000661,长春高新,5.71亿,9
73,↓26,002756,永兴材料,5.47亿,9
74,↓16,300037,新宙邦,4.67亿,9
75,↓20,002352,顺丰控股,3.97亿,9
76,↑239,688005,容百科技,3.29亿,9
77,↑39,002025,航天电器,1.63亿,9
78,↓21,688111,金山办公,1.06亿,9
79,↓7,600426,华鲁恒升,4.81亿,8
80,↑15,601233,桐昆股份,4.06亿,8
81,↓11,002727,一心堂,4.00亿,8
82,↓36,601288,农业银行,3.90亿,8
83,↑414,300568,星源材质,3.46亿,8
84,↓25,002541,鸿路钢构,2.56亿,8
85,↑130,600489,中金黄金,2.38亿,8
86,↓25,603456,九洲药业,2.04亿,8
87,↑34,002831,裕同科技,1.05亿,8
88,↑23,600030,中信证券,0.94亿,8
89,↑35,603806,福斯特,0.71亿,8
90,新进,300671,富满微,7.69亿,7
91,↑37,600521,华海药业,6.35亿,7
92,↓13,002179,中航光电,4.64亿,7
93,↑14,300207,欣旺达,3.16亿,7
94,↑47,300630,普利制药,3.02亿,7
95,↓39,600383,金地集团,2.26亿,7
96,↑17,600409,三友化工,2.05亿,7
97,↑445,688116,天奈科技,1.97亿,7
98,↓34,600809,山西汾酒,1.64亿,7
99,↓9,688036,传音控股,1.52亿,7
100,↑73,002709,天赐材料,1.49亿,7
101,↓4,603337,杰克股份,1.31亿,7
102,↑278,600763,通策医疗,0.64亿,7
103,↑22,002230,科大讯飞,0.58亿,7
104,↓19,300601,康泰生物,0.57亿,7
105,↑126,600919,江苏银行,0.56亿,7
106,↓37,600346,恒力石化,7.32亿,6
107,新进,300223,北京君正,4.69亿,6
108,↑167,300316,晶盛机电,4.07亿,6
109,↑13,300450,先导智能,3.58亿,6
110,↑148,600060,海信视像,3.31亿,6
111,↓36,002206,海利得,3.15亿,6
112,↑27,601877,正泰电器,3.09亿,6
113,↓40,000671,ST阳光城,3.05亿,6
114,↑599,300613,富瀚微,3.04亿,6
115,↑210,300502,新易盛,2.98亿,6
116,↓13,601688,华泰证券,2.92亿,6
117,↑267,688029,南微医学,2.32亿,6
118,↓26,601168,西部矿业,2.26亿,6
119,↑72,000739,普洛药业,2.25亿,6
120,↓22,600188,兖矿能源,2.13亿,6
121,↓28,002714,牧原股份,1.76亿,6
122,新进,601567,三星医疗,1.70亿,6
123,↓61,002271,东方雨虹,1.59亿,6
124,↑185,300390,天华新能,1.56亿,6
125,↑120,600028,中国石化,1.51亿,6
126,↓32,600570,恒生电子,1.50亿,6
127,↓94,600276,恒瑞医药,1.41亿,6
128,↑27,600765,中航重机,1.31亿,6
129,↓47,300433,蓝思科技,1.31亿,6
130,↑93,601155,新城控股,1.26亿,6
131,↑73,002353,杰瑞股份,1.24亿,6
132,↑20,000830,鲁西化工,1.18亿,6
133,新进,603893,瑞芯微,1.09亿,6
134,新进,300896,爱美客,0.20亿,6
135,↓30,603816,顾家家居,7.67亿,5
136,↑1,688396,华润微,7.40亿,5
137,↓33,000998,隆平高科,5.90亿,5
138,↑112,002299,圣农发展,5.22亿,5
139,↓9,000603,盛达资源,5.20亿,5
140,↓34,300476,胜宏科技,4.82亿,5
141,↑80,600219,南山铝业,4.55亿,5
142,↓11,601098,中南传媒,4.25亿,5
143,↑114,000977,浪潮信息,3.86亿,5
144,↑36,300558,贝达药业,3.31亿,5
145,新进,300193,佳士科技,3.28亿,5
146,↑11,000069,华侨城A,3.26亿,5
147,↑39,688099,晶晨股份,2.97亿,5
148,↑373,601699,潞安环能,2.80亿,5
149,↑321,600141,兴发集团,2.75亿,5
150,↑47,601689,拓普集团,2.66亿,5
151,↓73,600988,赤峰黄金,2.61亿,5
152,↓40,603187,海容冷链,2.54亿,5
153,↑63,600111,北方稀土,2.48亿,5
154,↓6,002013,中航机电,2.46亿,5
155,↓45,300379,东方通,2.44亿,5
156,↑111,002409,雅克科技,2.41亿,5
157,↓7,002651,利君股份,2.28亿,5
158,↑397,600196,复星医药,1.99亿,5
159,↓8,000975,山金国际,1.94亿,5
160,↑52,600547,山东黄金,1.90亿,5
161,↑56,002155,湖南黄金,1.90亿,5
162,↑34,002064,华峰化学,1.89亿,5
163,↓49,002092,ST中泰,1.65亿,5
164,↑182,603348,文灿股份,1.64亿,5
165,↑423,000625,长安汽车,1.44亿,5
166,↓103,600352,浙江龙盛,1.43亿,5
167,↑66,600862,中航高科,1.35亿,5
168,↓108,601818,光大银行,1.23亿,5
169,↓16,689009,九号公司,1.21亿,5
170,↓10,601009,南京银行,1.11亿,5
171,↑365,688037,芯源微,1.03亿,5
172,↓55,600456,宝钛股份,1.01亿,5
173,↑109,300776,帝尔激光,0.97亿,5
174,↑535,300327,中颖电子,0.93亿,5
175,↓16,600998,九州通,0.84亿,5
176,↑102,601117,中国化学,0.83亿,5
177,↑198,300682,朗新集团,0.76亿,5
178,↑63,300751,迈为股份,0.65亿,5
179,↓36,300454,深信服,0.64亿,5
180,↓96,603833,欧派家居,0.61亿,5
181,↑56,601658,邮储银行,0.49亿,5
182,↑54,000656,*ST金科,0.48亿,5
183,↓41,601328,交通银行,0.39亿,5
184,新进,600808,马钢股份,0.10亿,5
185,↑66,300087,荃银高科,6.32亿,4
186,↓8,300244,迪安诊断,5.29亿,4
187,↓54,601928,凤凰传媒,4.54亿,4
188,↓9,600674,川投能源,4.53亿,4
189,新进,002386,天原股份,4.48亿,4
190,↑19,603885,吉祥航空,4.22亿,4
191,↓120,600258,首旅酒店,4.17亿,4
192,↑62,000902,新洋丰,4.15亿,4
193,↑59,002041,登海种业,4.03亿,4
194,↓142,601111,中国国航,3.92亿,4
195,↑289,600418,江淮汽车,3.81亿,4
196,↑64,600885,宏发股份,3.76亿,4
197,↓132,603678,火炬电子,3.07亿,4
198,新进,002497,雅化集团,2.69亿,4
199,↓61,002120,韵达股份,2.67亿,4
200,↓60,002884,凌霄泵业,2.59亿,4
201,↓8,603989,艾华集团,2.23亿,4
202,↑136,000983,山西焦煤,2.07亿,4
203,↓13,002327,富安娜,2.05亿,4
204,↓10,603558,健盛集团,1.99亿,4
205,↑341,300775,三角防务,1.91亿,4
206,↓14,600328,中盐化工,1.73亿,4
207,↑437,002879,长缆科技,1.70亿,4
208,↓19,601965,中国汽研,1.60亿,4
209,↑23,603899,晨光股份,1.50亿,4
210,↓92,300413,芒果超媒,1.40亿,4
211,↑193,002158,汉钟精机,1.28亿,4
212,↑418,002088,鲁阳节能,1.16亿,4
213,↑57,688002,睿创微纳,1.16亿,4
214,↑324,600884,杉杉股份,1.11亿,4
215,↓200,000651,格力电器,0.92亿,4
216,↑323,688339,亿华通,0.91亿,4
217,↑147,002508,老板电器,0.84亿,4
218,↓57,000026,飞亚达,0.83亿,4
219,↑332,688536,思瑞浦,0.79亿,4
220,↑22,300363,博腾股份,0.78亿,4
221,↑45,603517,绝味食品,0.77亿,4
222,↑228,600782,新钢股份,0.73亿,4
223,↑154,688388,嘉元科技,0.73亿,4
224,↑149,688012,中微公司,0.72亿,4
225,↓61,603906,龙蟠科技,0.64亿,4
226,↑54,300036,超图软件,0.62亿,4
227,↑408,600985,淮北矿业,0.59亿,4
228,新进,600702,舍得酒业,0.52亿,4
229,新进,000555,神州信息,0.50亿,4
230,新进,300634,彩讯股份,0.49亿,4
231,↑468,688058,宝兰德,0.48亿,4
232,↑473,688516,奥特维,0.47亿,4
233,↓5,603018,华设集团,0.46亿,4
234,↓64,300699,光威复材,0.44亿,4
235,↑58,001979,招商蛇口,0.43亿,4
236,新进,688519,南亚新材,0.40亿,4
237,↓160,600176,中国巨石,0.40亿,4
238,↑178,603345,安井食品,0.39亿,4
239,↓4,300679,电连技术,0.39亿,4
240,↑73,603801,志邦家居,0.38亿,4
241,↑54,603486,科沃斯,0.37亿,4
242,↑59,603605,珀莱雅,0.36亿,4
243,↑192,600085,同仁堂,0.36亿,4
244,↑128,600486,扬农化工,0.35亿,4
245,↑160,300007,汉威科技,0.34亿,4
246,↓165,000338,潍柴动力,0.32亿,4
247,↑163,300628,亿联网络,0.31亿,4
248,↑49,603882,金域医学,0.29亿,4
249,↑402,600104,上汽集团,0.27亿,4
250,↑11,000301,东方盛虹,0.26亿,4
251,↑188,600600,青岛啤酒,0.26亿,4
252,↑55,601229,上海银行,0.24亿,4
253,↑180,300347,泰格医药,0.23亿,4
254,↑392,300999,金龙鱼,0.17亿,4
255,↓175,688169,石头科技,0.11亿,4
256,新进,002614,奥佳华,0.11亿,4
257,↑64,002145,中核钛白,11.49亿,3
258,↓172,600754,锦江酒店,9.68亿,3
259,↑187,600315,上海家化,6.67亿,3
260,↓128,002648,卫星化学,5.97亿,3
261,↑225,603068,博通集成,5.01亿,3
262,↓85,603368,柳药集团,4.74亿,3
263,↓81,601021,春秋航空,4.10亿,3
264,↓135,002001,新和成,4.07亿,3
265,↓129,002048,宁波华翔,3.33亿,3
266,↑81,002291,遥望科技,3.30亿,3
267,↑60,002153,石基信息,3.30亿,3
268,↑444,000519,中兵红箭,3.09亿,3
269,↑393,600256,广汇能源,2.97亿,3
270,↓86,002111,威海广泰,2.68亿,3
271,↓162,002841,视源股份,2.58亿,3
272,↓128,002138,顺络电子,2.23亿,3
273,新进,300582,英飞特,2.20亿,3
274,↑113,688981,中芯国际,2.07亿,3
275,↑145,601211,国泰君安,1.97亿,3
276,↑288,300487,蓝晓科技,1.87亿,3
277,↓18,002444,巨星科技,1.83亿,3
278,↓83,603444,吉比特,1.64亿,3
279,↑325,600050,中国联通,1.61亿,3
280,↑55,600976,健民集团,1.52亿,3
281,↑347,300115,长盈精密,1.46亿,3
282,↓186,300144,宋城演艺,1.33亿,3
283,↑343,688363,华熙生物,1.33亿,3
284,↓81,603267,鸿远电子,1.22亿,3
285,↓83,601717,郑煤机,1.17亿,3
286,新进,688699,明微电子,1.14亿,3
287,↑54,603179,新泉股份,1.14亿,3
288,↓90,603369,今世缘,1.13亿,3
289,新进,603699,纽威股份,1.08亿,3
290,↓79,002777,久远银海,0.96亿,3
291,↓200,002410,广联达,0.92亿,3
292,↑323,002832,比音勒芬,0.91亿,3
293,↓130,002493,荣盛石化,0.87亿,3
294,↑80,002920,德赛西威,0.82亿,3
295,↑142,002332,仙琚制药,0.79亿,3
296,↑82,603589,口子窖,0.79亿,3
297,新进,300661,圣邦股份,0.78亿,3
298,↓183,600893,航发动力,0.75亿,3
299,↑68,600153,建发股份,0.67亿,3
300,新进,603650,彤程新材,0.66亿,3
301,↑91,601633,长城汽车,0.58亿,3
302,↑337,000776,广发证券,0.54亿,3
303,↑443,300529,健帆生物,0.50亿,3
304,新进,000887,中鼎股份,0.50亿,3
305,↓99,603993,洛阳钼业,0.45亿,3
306,↑97,601919,中远海控,0.44亿,3
307,新进,002036,联创电子,0.43亿,3
308,↓74,002791,坚朗五金,0.42亿,3
309,↑73,600845,宝信软件,0.41亿,3
310,↑244,300416,苏试试验,0.39亿,3
311,↑395,600703,三安光电,0.38亿,3
312,↓33,300759,康龙化成,0.37亿,3
313,↑346,688188,柏楚电子,0.35亿,3
314,↓143,000538,云南白药,0.33亿,3
315,↓215,600377,宁沪高速,0.33亿,3
316,↑120,603877,太平鸟,0.32亿,3
317,新进,002891,中宠股份,0.32亿,3
318,↓24,000961,ST中南,0.31亿,3
319,↑368,601816,京沪高铁,0.31亿,3
320,↓106,002236,大华股份,0.30亿,3
321,新进,300171,东富龙,0.27亿,3
322,↑259,600066,宇通客车,0.26亿,3
323,↑424,002472,双环传动,0.26亿,3
324,↑36,600745,闻泰科技,0.23亿,3
325,新进,688598,金博股份,0.21亿,3
326,↑303,600563,法拉电子,0.20亿,3
327,新进,000012,南玻A,0.19亿,3
328,新进,688018,乐鑫科技,0.19亿,3
329,↑272,002532,天山铝业,0.18亿,3
330,↑84,600529,山东药玻,0.17亿,3
331,新进,600392,盛和资源,0.15亿,3
332,↑128,600567,山鹰国际,0.15亿,3
333,↑301,000738,航发控制,0.14亿,3
334,↑297,603195,公牛集团,0.13亿,3
335,↓125,603218,日月股份,0.11亿,3
336,↑317,000799,酒鬼酒,0.11亿,3
337,↓21,600132,重庆啤酒,0.10亿,3
338,↓237,601100,恒立液压,0.07亿,3
339,↑69,601799,星宇股份,0.06亿,3
340,新进,688575,亚辉龙,0.05亿,3
341,↑134,002555,三七互娱,5.51亿,2
342,↓22,002157,正邦科技,4.94亿,2
343,↓95,002385,大北农,4.71亿,2
344,↑147,002389,航天彩虹,4.68亿,2
345,↑132,300773,拉卡拉,3.33亿,2
346,↓93,300724,捷佳伟创,3.16亿,2
347,新进,600859,王府井,3.07亿,2
348,↓92,600183,生益科技,3.02亿,2
349,↓23,601808,中海油服,2.97亿,2
350,新进,002182,宝武镁业,2.96亿,2
351,↓163,600138,中青旅,2.68亿,2
352,↑129,002240,盛新锂能,2.61亿,2
353,↓170,002928,华夏航空,2.38亿,2
354,↓246,600588,用友网络,2.27亿,2
355,↓21,002372,伟星新材,2.25亿,2
356,↓27,600038,中直股份,2.17亿,2
357,新进,002459,晶澳科技,2.13亿,2
358,↓26,600297,广汇汽车,2.13亿,2
359,新进,000422,湖北宜化,2.04亿,2
360,↑31,688208,道通科技,1.91亿,2
361,新进,000960,锡业股份,1.85亿,2
362,↑139,601069,西部黄金,1.79亿,2
363,↓39,002266,浙富控股,1.74亿,2
364,↓34,000910,大亚圣象,1.57亿,2
365,↑134,600612,老凤祥,1.49亿,2
366,↓208,603308,应流股份,1.46亿,2
367,↓57,300034,钢研高纳,1.45亿,2
368,↑159,300957,贝泰妮,1.38亿,2
369,↑119,603883,老百姓,1.27亿,2
370,↑141,688006,杭可科技,1.27亿,2
371,↓34,000401,冀东水泥,1.25亿,2
372,↑249,000028,国药一致,1.22亿,2
373,↓30,002572,索菲亚,1.19亿,2
374,↓18,002050,三花智控,1.12亿,2
375,↑139,688308,欧科亿,1.07亿,2
376,新进,603518,锦泓集团,1.05亿,2
377,↓18,603129,春风动力,1.04亿,2
378,↓233,000703,恒逸石化,1.01亿,2
379,↑129,601968,宝钢包装,1.01亿,2
380,↓29,002159,三特索道,0.94亿,2
381,↓154,002597,金禾实业,0.91亿,2
382,新进,600380,健康元,0.91亿,2
383,↓26,000516,国际医学,0.88亿,2
384,↓34,002968,新大正,0.88亿,2
385,↓229,002568,百润股份,0.87亿,2
386,↑123,002759,天际股份,0.84亿,2
387,↑128,300725,药石科技,0.83亿,2
388,↓40,603601,再升科技,0.80亿,2
389,新进,600619,海立股份,0.76亿,2
390,↓85,600025,华能水电,0.75亿,2
391,↑65,600760,中航沈飞,0.75亿,2
392,↑311,600316,洪都航空,0.73亿,2
393,↓30,600350,山东高速,0.71亿,2
394,↓181,600926,杭州银行,0.71亿,2
395,↑194,002250,联化科技,0.69亿,2
396,新进,688680,海优新材,0.68亿,2
397,↓27,300733,西菱动力,0.67亿,2
398,↓244,002078,太阳纸业,0.65亿,2
399,↓265,600019,宝钢股份,0.65亿,2
400,↓32,688122,西部超导,0.65亿,2
401,↑317,600596,新安股份,0.64亿,2
402,↓40,601607,上海医药,0.62亿,2
403,新进,300748,金力永磁,0.61亿,2
404,↓182,600323,瀚蓝环境,0.60亿,2
405,↓44,002595,豪迈科技,0.60亿,2
406,新进,000848,承德露露,0.59亿,2
407,新进,002154,报喜鸟,0.59亿,2
408,新进,600348,华阳股份,0.57亿,2
409,↓241,300119,瑞普生物,0.57亿,2
410,新进,603876,鼎胜新材,0.56亿,2
411,↓62,000893,亚钾国际,0.56亿,2
412,新进,688678,福立旺,0.55亿,2
413,↓148,002821,凯莱英,0.50亿,2
414,↓194,002407,多氟多,0.49亿,2
415,↓144,600110,诺德股份,0.47亿,2
416,新进,002559,亚威股份,0.43亿,2
417,↓34,300395,菲利华,0.43亿,2
418,新进,300077,国民技术,0.42亿,2
419,↓33,300054,鼎龙股份,0.42亿,2
420,↓39,603992,松霖科技,0.40亿,2
421,新进,300763,锦浪科技,0.40亿,2
422,↑258,600236,桂冠电力,0.40亿,2
423,↓30,000501,武商集团,0.39亿,2
424,↓243,002739,万达电影,0.38亿,2
425,↑216,603583,捷昌驱动,0.35亿,2
426,↓207,603338,浙江鼎力,0.34亿,2
427,新进,603960,克来机电,0.34亿,2
428,新进,300627,华测导航,0.33亿,2
429,↓200,603113,金能科技,0.33亿,2
430,↓19,603185,弘元绿能,0.32亿,2
431,↓30,300809,华辰装备,0.31亿,2
432,↑158,688063,派能科技,0.31亿,2
433,↓20,603855,华荣股份,0.31亿,2
434,↑141,603330,天洋新材,0.30亿,2
435,↓261,002262,恩华药业,0.29亿,2
436,↓37,600882,妙可蓝多,0.26亿,2
437,↑139,002123,梦网科技,0.26亿,2
438,↑3,688026,洁特生物,0.25亿,2
439,↓399,000100,TCL科技,0.25亿,2
440,↓163,600522,中天科技,0.25亿,2
441,↑41,603008,喜临门,0.24亿,2
442,新进,603489,八方股份,0.23亿,2
443,↑76,002850,科达利,0.21亿,2
444,新进,688639,华恒生物,0.21亿,2
445,新进,600332,白云山,0.20亿,2
446,↑151,600886,国投电力,0.20亿,2
447,↓178,000932,华菱钢铁,0.20亿,2
448,↑217,002149,西部材料,0.20亿,2
449,新进,002810,山东赫达,0.20亿,2
450,新进,002585,双星新材,0.19亿,2
451,↑136,002938,鹏鼎控股,0.19亿,2
452,↓306,600406,国电南瑞,0.19亿,2
453,新进,603396,金辰股份,0.18亿,2
454,↓32,600823,*ST世茂,0.18亿,2
455,↓43,002925,盈趣科技,0.18亿,2
456,↑10,600779,水井坊,0.18亿,2
457,↑35,603005,晶方科技,0.17亿,2
458,↑238,688059,华锐精密,0.17亿,2
459,↑135,688390,固德威,0.17亿,2
460,↑114,603317,天味食品,0.17亿,2
461,↓334,300737,科顺股份,0.17亿,2
462,↓189,002304,洋河股份,0.17亿,2
463,新进,002979,雷赛智能,0.16亿,2
464,新进,300747,锐科激光,0.16亿,2
465,↓21,300740,水羊股份,0.16亿,2
466,新进,300260,新莱应材,0.16亿,2
467,↓27,688202,美迪西,0.15亿,2
468,↑165,300378,鼎捷数智,0.15亿,2
469,↓130,300470,中密控股,0.15亿,2
470,新进,688056,莱伯泰科,0.15亿,2
471,↑12,002876,三利谱,0.15亿,2
472,↑146,600872,中炬高新,0.15亿,2
473,↓233,601838,成都银行,0.14亿,2
474,新进,688298,东方生物,0.14亿,2
475,↑74,688157,松井股份,0.14亿,2
476,↑69,300285,国瓷材料,0.14亿,2
477,新进,002340,格林美,0.13亿,2
478,↓182,600068,葛洲坝,0.13亿,2
479,新进,300659,中孚信息,0.13亿,2
480,新进,300498,温氏股份,0.12亿,2
481,↓182,601998,中信银行,0.12亿,2
482,↓29,688656,浩欧博,0.12亿,2
483,↑174,601311,骆驼股份,0.12亿,2
484,新进,300458,全志科技,0.12亿,2
485,↑207,603538,美诺华,0.12亿,2
486,↓183,300726,宏达电子,0.12亿,2
487,新进,601208,东材科技,0.12亿,2
488,↑175,300639,凯普生物,0.11亿,2
489,↓37,002139,拓邦股份,0.11亿,2
490,新进,002100,天康生物,0.11亿,2
491,↓219,002867,周大生,0.10亿,2
492,新进,605376,博迁新材,0.10亿,2
493,新进,002192,融捷股份,0.10亿,2
494,↓211,300373,扬杰科技,0.10亿,2
495,↓184,002430,杭氧股份,0.10亿,2
496,↑249,300587,天铁股份,0.09亿,2
497,新进,688093,世华科技,0.09亿,2
498,↑46,300012,华测检测,0.09亿,2
499,新进,600436,片仔癀,0.09亿,2
500,↑174,600201,生物股份,0.09亿,2
501,↓47,600837,海通证券,0.08亿,2
502,↓40,688526,科前生物,0.08亿,2
503,新进,603303,得邦照明,0.07亿,2
504,↑107,300593,新雷能,0.07亿,2
505,↑117,300575,中旗股份,0.07亿,2
506,↓189,300841,康华生物,0.07亿,2
507,↑21,002384,东山精密,0.06亿,2
508,新进,000039,中集集团,0.06亿,2
509,↓190,603290,斯达半导,0.06亿,2
510,↓53,603658,安图生物,0.06亿,2
511,↓48,603228,景旺电子,0.05亿,2
512,↓311,603520,司太立,0.05亿,2
513,新进,688007,光峰科技,0.05亿,2
514,↓339,300415,伊之密,0.05亿,2
515,↑5,300421,力星股份,0.05亿,2
516,↑179,600970,中材国际,0.05亿,2
517,↑236,603565,中谷物流,0.05亿,2
518,↑160,002511,中顺洁柔,0.05亿,2
519,↓70,300463,迈克生物,0.05亿,2
520,新进,000938,紫光股份,0.05亿,2
521,新进,300482,万孚生物,0.04亿,2
522,↓276,600585,海螺水泥,0.04亿,2
523,新进,000949,新乡化纤,0.04亿,2
524,新进,688200,华峰测控,0.04亿,2
525,↑209,000825,太钢不锈,0.04亿,2
526,↓124,300777,中简科技,0.04亿,2
527,↓439,600989,宝丰能源,3.25亿,1
528,↓52,600583,海油工程,2.76亿,1
529,新进,601001,晋控煤业,2.06亿,1
530,↓45,002315,焦点科技,2.05亿,1
531,新进,300604,长川科技,2.05亿,1
532,新进,600977,中国电影,1.55亿,1
533,↓202,000403,派林生物,1.51亿,1
534,新进,000650,仁和药业,1.44亿,1
535,新进,300280,紫天科技,1.42亿,1
536,↓281,603600,永艺股份,1.31亿,1
537,↑54,603019,中科曙光,1.30亿,1
538,↓35,002237,恒邦股份,1.28亿,1
539,↓49,002563,森马服饰,1.28亿,1
540,↓44,300910,瑞丰新材,1.27亿,1
541,↑142,603288,海天味业,1.20亿,1
542,↓53,603987,康德莱,1.20亿,1
543,↓36,688368,晶丰明源,1.11亿,1
544,↓46,603979,金诚信,1.08亿,1
545,↓160,603995,甬金股份,1.07亿,1
546,新进,603938,三孚股份,1.05亿,1
547,新进,605117,德业股份,1.03亿,1
548,↓26,603901,永创智能,1.00亿,1
549,↓16,300035,中科电气,0.92亿,1
550,↓195,002019,亿帆医药,0.88亿,1
551,↓346,002601,龙佰集团,0.85亿,1
552,↓48,688020,方邦股份,0.85亿,1
553,新进,601918,新集能源,0.81亿,1
554,↓42,002605,姚记科技,0.80亿,1
555,↓203,002859,洁美科技,0.80亿,1
556,新进,300616,尚品宅配,0.75亿,1
557,↓199,002539,云图控股,0.73亿,1
558,新进,000630,铜陵有色,0.71亿,1
559,新进,000768,中航西飞,0.70亿,1
560,新进,601137,博威合金,0.70亿,1
561,新进,300871,回盛生物,0.67亿,1
562,↓229,002105,信隆健康,0.65亿,1
563,↓249,000547,航天发展,0.63亿,1
564,↓59,300058,蓝色光标,0.63亿,1
565,↓33,603392,万泰生物,0.59亿,1
566,新进,000889,ST中嘉,0.59亿,1
567,↓225,603507,振江股份,0.58亿,1
568,新进,605080,浙江自然,0.56亿,1
569,↓46,600057,厦门象屿,0.55亿,1
570,↑186,688189,南新制药,0.54亿,1
571,↓55,688011,新光光电,0.53亿,1
572,新进,000062,深圳华强,0.51亿,1
573,↓355,300815,玉禾田,0.50亿,1
574,↓186,603712,七一二,0.48亿,1
575,↓46,002213,大为股份,0.44亿,1
576,↑27,000831,中国稀土,0.42亿,1
577,↓198,002128,电投能源,0.42亿,1
578,↓61,300761,立华股份,0.40亿,1
579,新进,300149,睿智医药,0.38亿,1
580,↓190,688696,极米科技,0.32亿,1
581,↑173,688033,天宜上佳,0.32亿,1
582,新进,603077,和邦生物,0.30亿,1
583,新进,002978,安宁股份,0.30亿,1
584,新进,600641,万业企业,0.30亿,1
585,↓311,603026,石大胜华,0.30亿,1
586,↓180,300253,卫宁健康,0.29亿,1
587,↓44,600820,隧道股份,0.29亿,1
588,新进,300825,阿尔特,0.29亿,1
589,↓42,002376,新北洋,0.28亿,1
590,↓366,002609,捷顺科技,0.28亿,1
591,↓194,000034,神州数码,0.27亿,1
592,新进,000429,粤高速A,0.26亿,1
593,↓43,000576,甘化科工,0.26亿,1
594,新进,300505,川金诺,0.25亿,1
595,↓395,600029,南方航空,0.25亿,1
596,↓28,688019,安集科技,0.25亿,1
597,↓244,600079,人福医药,0.24亿,1
598,新进,600711,ST盛屯,0.24亿,1
599,↓277,600398,海澜之家,0.24亿,1
600,新进,300633,开立医疗,0.24亿,1
601,新进,688408,中信博,0.24亿,1
602,↓453,000921,海信家电,0.22亿,1
603,新进,000906,浙商中拓,0.22亿,1
604,↓206,601128,常熟银行,0.22亿,1
605,新进,600481,双良节能,0.21亿,1
606,↓10,600089,特变电工,0.20亿,1
607,新进,300982,苏文电能,0.19亿,1
608,新进,003020,立方制药,0.18亿,1
609,↓61,600116,三峡水利,0.18亿,1
610,新进,603587,地素时尚,0.17亿,1
611,新进,300236,上海新阳,0.17亿,1
612,↓54,600011,华能国际,0.17亿,1
613,↓321,002028,思源电气,0.16亿,1
614,↓540,000066,中国长城,0.15亿,1
615,↓46,603737,三棵树,0.15亿,1
616,↓75,300566,激智科技,0.15亿,1
617,↓52,002946,新乳业,0.14亿,1
618,新进,603076,乐惠国际,0.14亿,1
619,↓52,002254,泰和新材,0.14亿,1
620,↓297,603378,亚士创能,0.14亿,1
621,↓22,300767,震安科技,0.13亿,1
622,新进,300572,安车检测,0.13亿,1
623,↓41,688369,致远互联,0.13亿,1
624,新进,688333,铂力特,0.13亿,1
625,↓48,601766,中国中车,0.12亿,1
626,↓2,002623,亚玛顿,0.12亿,1
627,新进,600648,外高桥,0.12亿,1
628,新进,603020,爱普股份,0.12亿,1
629,↓58,000425,徐工机械,0.12亿,1
630,新进,300219,鸿利智汇,0.12亿,1
631,新进,600771,广誉远,0.12亿,1
632,新进,601857,中国石油,0.11亿,1
633,新进,605266,健之佳,0.11亿,1
634,新进,605099,共创草坪,0.11亿,1
635,新进,000822,山东海化,0.11亿,1
636,新进,600159,大龙地产,0.11亿,1
637,新进,002295,精艺股份,0.11亿,1
638,新进,600795,国电电力,0.10亿,1
639,↓46,600158,中体产业,0.10亿,1
640,↓35,002675,东诚药业,0.10亿,1
641,↓329,605111,新洁能,0.10亿,1
642,新进,688686,奥普特,0.10亿,1
643,↓45,603881,数据港,0.10亿,1
644,新进,002918,蒙娜丽莎,0.09亿,1
645,↓43,002543,万和电气,0.09亿,1
646,↓63,300705,九典制药,0.09亿,1
647,新进,300001,特锐德,0.09亿,1
648,新进,000666,经纬纺机,0.09亿,1
649,↓2,600018,上港集团,0.09亿,1
650,新进,601336,新华保险,0.09亿,1
651,↓479,603613,国联股份,0.09亿,1
652,新进,601598,中国外运,0.09亿,1
653,新进,300082,奥克股份,0.09亿,1
654,↑6,603666,亿嘉和,0.09亿,1
655,↓479,600000,浦发银行,0.09亿,1
656,↓352,000582,北部湾港,0.09亿,1
657,新进,688198,佰仁医疗,0.08亿,1
658,↓66,603161,科华控股,0.08亿,1
659,↓472,600009,上海机场,0.08亿,1
660,新进,300919,中伟股份,0.08亿,1
661,↑88,002851,麦格米特,0.08亿,1
662,↓233,300595,欧普康视,0.08亿,1
663,↓375,600166,福田汽车,0.08亿,1
664,新进,003016,欣贺股份,0.08亿,1
665,新进,688626,翔宇医疗,0.08亿,1
666,↓30,603300,华铁应急,0.08亿,1
667,↓42,603997,继峰股份,0.08亿,1
668,↓217,600016,民生银行,0.08亿,1
669,↓69,603516,淳中科技,0.08亿,1
670,新进,300655,晶瑞电材,0.07亿,1
671,新进,300447,全信股份,0.07亿,1
672,↓234,002008,大族激光,0.07亿,1
673,↑34,603180,金牌家居,0.07亿,1
674,新进,300795,米奥会展,0.07亿,1
675,新进,300653,正海生物,0.07亿,1
676,新进,002273,水晶光电,0.07亿,1
677,↓67,300523,辰安科技,0.07亿,1
678,↓210,003021,兆威机电,0.07亿,1
679,新进,603301,振德医疗,0.07亿,1
680,↓554,601966,玲珑轮胎,0.07亿,1
681,↓254,300673,佩蒂股份,0.06亿,1
682,新进,605098,行动教育,0.06亿,1
683,↓122,603730,岱美股份,0.06亿,1
684,新进,688518,联赢激光,0.06亿,1
685,新进,603027,千禾味业,0.06亿,1
686,新进,300394,天孚通信,0.06亿,1
687,新进,300790,宇瞳光学,0.06亿,1
688,↓382,000636,风华高科,0.06亿,1
689,新进,002677,浙江美大,0.06亿,1
690,新进,601952,苏垦农发,0.06亿,1
691,↓74,002749,国光股份,0.06亿,1
692,新进,603599,广信股份,0.06亿,1
693,新进,600586,金晶科技,0.06亿,1
694,新进,002398,垒知集团,0.06亿,1
695,↓50,603108,润达医疗,0.06亿,1
696,新进,300072,海新能科,0.06亿,1
697,↓33,300357,我武生物,0.05亿,1
698,↓10,601003,柳钢股份,0.05亿,1
699,新进,688301,奕瑞科技,0.05亿,1
700,新进,300696,爱乐达,0.05亿,1
701,新进,603355,莱克电气,0.05亿,1
702,新进,601015,陕西黑猫,0.05亿,1
703,新进,002516,旷达科技,0.05亿,1
704,↓436,603639,海利尔,0.05亿,1
705,↓250,603566,普莱柯,0.05亿,1
706,新进,600298,安琪酵母,0.05亿,1
707,↓88,000876,新希望,0.05亿,1
708,↓18,000036,华联控股,0.05亿,1
709,↓237,600282,南钢股份,0.05亿,1
710,新进,000009,中国宝安,0.05亿,1
711,新进,603225,新凤鸣,0.05亿,1
712,↓589,000157,中联重科,0.05亿,1
713,新进,603186,华正新材,0.05亿,1
714,新进,002636,金安国纪,0.05亿,1
715,新进,600908,无锡银行,0.05亿,1
716,新进,600999,招商证券,0.04亿,1
717,↓300,000786,北新建材,0.04亿,1
718,↓290,000963,华东医药,0.04亿,1
719,新进,300138,晨光生物,0.04亿,1
720,↓51,002381,双箭股份,0.04亿,1
721,新进,002745,木林森,0.04亿,1
722,新进,002484,江海股份,0.04亿,1
723,↓52,002422,科伦药业,0.04亿,1
724,新进,600109,国金证券,0.04亿,1
725,新进,688668,鼎通科技,0.04亿,1
726,新进,302132,中航成飞,0.03亿,1
727,新进,002807,江阴银行,0.03亿,1
728,新进,600063,皖维高新,0.03亿,1
729,↓56,603663,三祥新材,0.03亿,1
730,↓30,600746,江苏索普,0.03亿,1
731,↓82,002824,和胜股份,0.03亿,1
732,新进,000631,顺发恒业,0.03亿,1
733,新进,603690,至纯科技,0.03亿,1
734,↓432,688017,绿的谐波,0.03亿,1
735,新进,600732,爱旭股份,0.03亿,1
736,↓288,603606,东方电缆,0.03亿,1
737,↓55,002127,南极电商,0.03亿,1
738,↓295,600548,深高速,0.03亿,1
739,新进,603160,汇顶科技,0.03亿,1
740,新进,600151,航天机电,0.03亿,1
741,↓69,002465,海格通信,0.03亿,1
742,↓164,600801,华新水泥,0.03亿,1
743,↓623,601006,大秦铁路,0.03亿,1
744,新进,002956,西麦食品,0.03亿,1
745,新进,600623,华谊集团,0.03亿,1
746,新进,000657,中钨高新,0.03亿,1
747,新进,000999,华润三九,0.03亿,1
748,↓316,002959,小熊电器,0.03亿,1
749,新进,002035,华帝股份,0.02亿,1
750,↓48,002531,天顺风能,0.02亿,1
751,↓47,300101,振芯科技,0.02亿,1
752,新进,600577,精达股份,0.02亿,1
753,↓62,300680,隆盛科技,0.02亿,1
754,新进,300953,震裕科技,0.02亿,1
755,↓47,600549,厦门钨业,0.02亿,1
756,新进,002724,海洋王,0.02亿,1
757,新进,688357,建龙微纳,0.02亿,1
758,↓192,600640,国脉文化,0.02亿,1
759,↓222,600362,江西铜业,0.02亿,1
760,新进,601038,一拖股份,0.02亿,1
761,新进,600123,兰花科创,0.02亿,1
762,新进,601666,平煤股份,0.02亿,1
763,↓47,300772,运达股份,0.02亿,1
764,↓501,002080,中材科技,0.02亿,1
765,新进,002970,锐明技术,0.02亿,1
766,↓523,002402,和而泰,0.02亿,1
767,↓478,002706,良信股份,0.02亿,1
768,↓53,688665,四方光电,0.02亿,1
769,↓58,002438,江苏神通,0.01亿,1
770,↓40,688698,伟创电气,0.01亿,1
771,新进,002043,兔宝宝,0.01亿,1
772,↓22,002461,珠江啤酒,0.01亿,1
773,↓22,000729,燕京啤酒,0.01亿,1
774,↓64,000528,柳工,0.01亿,1
775,新进,600740,山西焦化,0.01亿,1
776,↓512,600742,一汽富维,0.01亿,1
777,新进,300365,恒华科技,0.01亿,1
778,↓305,300474,景嘉微,0.01亿,1
779,新进,300065,海兰信,0.01亿,1
780,↓306,002061,浙江交科,0.01亿,1
781,新进,601186,中国铁建,0.01亿,1
782,↓65,300137,先河环保,0.01亿,1
783,↓61,300360,炬华科技,0.01亿,1
784,新进,300213,佳讯飞鸿,0.01亿,1
785,新进,688083,中望软件,0.01亿,1
786,新进,002130,沃尔核材,0.01亿,1
787,↓61,300732,设研院,0.01亿,1
788,↓317,002110,三钢闽光,0.01亿,1
789,↓69,002751,易尚退,0.01亿,1
790,新进,002753,永东股份,0.01亿,1
791,新进,600636,国新文化,0.01亿,1
792,新进,002847,盐津铺子,0.01亿,1
793,新进,002022,科华生物,0.01亿,1
794,新进,300610,晨化股份,0.01亿,1
795,新进,300438,鹏辉能源,0.01亿,1
796,新进,600248,陕建股份,0.01亿,1
797,新进,688521,芯原股份,0.01亿,1
798,新进,300088,长信科技,0.01亿,1
799,↓334,600161,天坛生物,0.01亿,1
800,↓57,688166,博瑞医药,0.01亿,1
801,↓430,000049,德赛电池,0.01亿,1
802,新进,600461,洪城环境,0.00亿,1
803,↓149,300577,开润股份,0.00亿,1
804,新进,002481,双塔食品,0.00亿,1
805,新进,002458,益生股份,0.00亿,1
806,新进,300638,广和通,0.00亿,1
807,新进,688625,呈和科技,0.00亿,1
808,↓268,688126,沪硅产业,0.00亿,1
809,新进,605089,味知香,0.00亿,1
810,新进,300986,志特新材,0.00亿,1
811,↓203,002202,金风科技,0.00亿,1
812,新进,605068,明新旭腾,0.00亿,1
813,↓190,603686,福龙马,0.00亿,1
