股票代码,股票简称,同花顺行业,总市值,历史新高次数,区间内此前出现月份数量,区间内此前出现月份
002126,银轮股份,汽车-汽车零部件-底盘与发动机系统,399.78亿,11,0,未出现
600580,卧龙电驱,电力设备-电机-电机Ⅲ,532.53亿,10,0,未出现
688213,思特威,电子-半导体-数字芯片设计,350.69亿,10,0,未出现
603119,浙江荣泰,汽车-汽车零部件-其他汽车零部件,349.92亿,10,0,未出现
003021,兆威机电,电力设备-电机-电机Ⅲ,248.75亿,10,1,2025年1月
001309,德明利,电子-半导体-数字芯片设计,"1,400.61亿",9,0,未出现
688629,华丰科技,国防军工-军工电子-军工电子Ⅲ,648.16亿,9,0,未出现
300657,弘信电子,电子-元件-印制电路板,226.12亿,9,0,未出现
688578,艾力斯,医药生物-化学制药-化学制剂,373.73亿,8,1,2025年1月
301550,斯菱智驱,汽车-汽车零部件-底盘与发动机系统,318.45亿,8,1,2025年1月
600114,东睦股份,机械设备-通用设备-金属制品,243.52亿,7,0,未出现
000034,神州数码,计算机-IT服务-IT服务Ⅲ,227.04亿,7,0,未出现
688235,百济神州,医药生物-化学制药-化学制剂,"2,219.33亿",6,0,未出现
603296,华勤技术,电子-消费电子-消费电子零部件及组装,"1,108.19亿",6,1,2025年1月
600126,杭钢股份,钢铁-钢铁-普钢,227.96亿,6,0,未出现
601398,工商银行,银行-银行-国有大型银行,"26,423.07亿",5,0,未出现
002594,比亚迪,汽车-汽车整车-乘用车,"7,748.54亿",5,0,未出现
601728,中国电信,通信-通信服务-电信运营商,"5,288.90亿",5,0,未出现
688322,奥比中光,电子-光学光电子-光学元件,493.33亿,5,0,未出现
002261,拓维信息,计算机-软件开发-垂直应用软件,375.60亿,5,0,未出现
300251,光线传媒,传媒-影视院线-影视院线Ⅲ,331.79亿,5,0,未出现
301486,致尚科技,通信-通信设备-通信网络设备及器件,264.44亿,5,0,未出现
688279,峰岹科技,电子-半导体-数字芯片设计,213.79亿,5,1,2025年1月
688582,芯动联科,电子-半导体-模拟芯片设计,207.90亿,5,0,未出现
601229,上海银行,银行-银行-城商行,"1,329.97亿",4,1,2025年1月
603929,亚翔集成,建筑装饰-建筑装饰-专业工程,465.30亿,4,0,未出现
002273,水晶光电,电子-光学光电子-光学元件,450.43亿,4,0,未出现
603920,世运电路,电子-元件-印制电路板,379.82亿,4,0,未出现
301396,宏景科技,计算机-IT服务-IT服务Ⅲ,370.87亿,4,0,未出现
603728,鸣志电器,电力设备-电机-电机Ⅲ,254.26亿,4,0,未出现
001339,智微智能,计算机-计算机设备-其他计算机设备,245.73亿,4,0,未出现
002536,飞龙股份,汽车-汽车零部件-底盘与发动机系统,237.96亿,4,0,未出现
688041,海光信息,电子-半导体-数字芯片设计,"6,508.15亿",3,0,未出现
688347,华虹宏力,电子-半导体-集成电路制造,"2,499.63亿",3,0,未出现
002050,三花智控,家用电器-白色家电-家电零部件,"1,789.63亿",3,0,未出现
601689,拓普集团,汽车-汽车零部件-底盘与发动机系统,"1,053.48亿",3,1,2025年1月
603228,景旺电子,电子-元件-印制电路板,719.93亿,3,1,2025年1月
603663,三祥新材,基础化工-非金属材料-非金属材料Ⅲ,307.32亿,3,0,未出现
603667,五洲新春,机械设备-通用设备-金属制品,244.95亿,3,1,2025年1月
300679,电连技术,电子-消费电子-消费电子零部件及组装,229.40亿,3,1,2025年1月
601988,中国银行,银行-银行-国有大型银行,"19,027.05亿",2,1,2025年1月
688256,寒武纪,电子-半导体-数字芯片设计,"7,790.83亿",2,1,2025年1月
600183,生益科技,电子-元件-印制电路板,"3,674.77亿",2,0,未出现
000988,华工科技,机械设备-自动化设备-激光设备,"1,518.41亿",2,0,未出现
601881,中国银河,非银金融-证券-证券Ⅲ,"1,150.69亿",2,0,未出现
300857,协创数据,计算机-计算机设备-其他计算机设备,"1,094.71亿",2,0,未出现
000425,徐工机械,机械设备-工程机械-工程机械Ⅲ,"1,068.06亿",2,0,未出现
002837,英维克,机械设备-专用设备-其他专用设备,842.09亿,2,1,2025年1月
603893,瑞芯微,电子-半导体-数字芯片设计,675.74亿,2,0,未出现
300870,欧陆通,电力设备-其他电源设备-其他电源设备Ⅲ,418.04亿,2,1,2025年1月
688433,华曙高科,机械设备-通用设备-其他通用设备,385.53亿,2,0,未出现
002472,双环传动,汽车-汽车零部件-底盘与发动机系统,348.47亿,2,0,未出现
301389,隆扬电子,电子-消费电子-消费电子零部件及组装,263.63亿,2,0,未出现
000429,粤高速A,交通运输-公路铁路运输-高速公路,255.92亿,2,0,未出现
300627,华测导航,通信-通信设备-通信终端及配件,244.89亿,2,0,未出现
688278,特宝生物,医药生物-生物制品-其他生物制品,242.18亿,2,0,未出现
301128,强瑞技术,机械设备-专用设备-其他专用设备,237.34亿,2,0,未出现
688475,萤石网络,计算机-计算机设备-安防设备,209.40亿,2,0,未出现
601288,农业银行,银行-银行-国有大型银行,"23,327.84亿",1,0,未出现
601939,建设银行,银行-银行-国有大型银行,"21,033.45亿",1,0,未出现
000977,浪潮信息,计算机-计算机设备-其他计算机设备,849.66亿,1,0,未出现
300054,鼎龙股份,电子-电子化学品-电子化学品Ⅲ,752.66亿,1,0,未出现
300548,长芯博创,通信-通信设备-通信网络设备及器件,660.11亿,1,1,2025年1月
301165,锐捷网络,通信-通信设备-通信网络设备及器件,623.64亿,1,0,未出现
600350,山东高速,交通运输-公路铁路运输-高速公路,541.47亿,1,1,2025年1月
002222,福晶科技,电子-光学光电子-光学元件,425.01亿,1,0,未出现
301236,软通动力,计算机-IT服务-IT服务Ⅲ,411.49亿,1,0,未出现
603699,纽威股份,机械设备-通用设备-金属制品,402.84亿,1,1,2025年1月
300115,长盈精密,电子-消费电子-消费电子零部件及组装,400.10亿,1,0,未出现
688205,德科立,通信-通信设备-通信网络设备及器件,350.32亿,1,1,2025年1月
603129,春风动力,汽车-汽车服务及其他-其他运输设备,345.60亿,1,1,2025年1月
300953,震裕科技,电力设备-电池-锂电池,332.70亿,1,0,未出现
688608,恒玄科技,电子-半导体-数字芯片设计,247.88亿,1,0,未出现
688652,京仪装备,电子-半导体-半导体设备,227.10亿,1,0,未出现
301285,鸿日达,电子-消费电子-消费电子零部件及组装,218.99亿,1,1,2025年1月
688428,诺诚健华,医药生物-生物制品-其他生物制品,207.30亿,1,0,未出现
301196,唯科科技,基础化工-塑料制品-其他塑料制品,201.88亿,1,0,未出现
