排名,较上年度排名变化,股票代码,股票简称,总市值,持有该股票的基金数量
1,↑36,603986,兆易创新,16.36亿,28
2,↑13,600048,保利发展,9.27亿,23
3,↓1,603799,华友钴业,17.17亿,21
4,↑6,601166,兴业银行,3.03亿,21
5,↑46,600030,中信证券,5.60亿,20
6,↑19,002475,立讯精密,5.15亿,19
7,↓2,002460,赣锋锂业,16.27亿,18
8,↑206,002371,北方华创,7.00亿,17
9,↑38,600519,贵州茅台,4.29亿,16
10,新进,002241,歌尔股份,5.00亿,14
11,↑16,600547,山东黄金,3.85亿,14
12,↓9,000651,格力电器,1.85亿,14
13,↑32,601398,工商银行,0.91亿,14
14,↑19,000977,浪潮信息,2.04亿,13
15,↑89,002384,东山精密,10.94亿,12
16,↑39,000975,山金国际,3.64亿,12
17,↑36,600489,中金黄金,3.58亿,12
18,↓12,300059,东方财富,1.48亿,12
19,↑190,000568,泸州老窖,0.98亿,12
20,持平,601318,中国平安,0.92亿,12
21,↑20,300618,寒锐钴业,6.90亿,11
22,↑179,300498,温氏股份,2.86亿,11
23,↑7,600340,华夏幸福,1.45亿,11
24,↓13,601288,农业银行,0.87亿,11
25,↑142,601098,中南传媒,13.35亿,10
26,↑146,603233,大参林,10.87亿,10
27,↑39,601899,紫金矿业,3.59亿,10
28,↑39,002155,湖南黄金,3.19亿,10
29,↑82,002624,完美世界,2.00亿,10
30,↓9,601111,中国国航,1.60亿,10
31,↓2,600674,川投能源,15.37亿,9
32,↑27,002727,一心堂,11.63亿,9
33,↓32,002466,天齐锂业,10.13亿,9
34,↑68,601069,西部黄金,2.42亿,9
35,↑96,600837,海通证券,1.99亿,9
36,↑8,601155,新城控股,1.80亿,9
37,新进,300630,普利制药,1.00亿,9
38,↓34,600760,中航沈飞,6.96亿,8
39,↓25,600887,伊利股份,5.17亿,8
40,新进,300568,星源材质,2.99亿,8
41,↑228,603019,中科曙光,2.13亿,8
42,↑48,601012,隆基绿能,1.58亿,8
43,↑26,601009,南京银行,1.24亿,8
44,↑14,300271,华宇软件,1.03亿,8
45,↓17,601888,中国中免,0.66亿,8
46,↑164,000858,五粮液,0.64亿,8
47,↓12,600016,民生银行,0.64亿,8
48,↓41,600029,南方航空,0.56亿,8
49,↑116,600104,上汽集团,0.45亿,8
50,↑163,600031,三一重工,0.40亿,8
51,↑21,002415,海康威视,5.62亿,7
52,↑26,600028,中国石化,4.98亿,7
53,↓37,000333,美的集团,3.92亿,7
54,↓20,000661,长春高新,3.92亿,7
55,↓32,300136,信维通信,3.47亿,7
56,新进,600536,中国软件,2.70亿,7
57,↓48,000002,万科A,2.61亿,7
58,↓1,002410,广联达,1.34亿,7
59,↑56,601328,交通银行,1.15亿,7
60,↑249,002439,启明星辰,1.00亿,7
61,持平,601688,华泰证券,0.94亿,7
62,↑11,601668,中国建筑,0.90亿,7
63,↑72,600570,恒生电子,0.86亿,7
64,↑12,002142,宁波银行,0.79亿,7
65,↑20,000063,中兴通讯,0.41亿,7
66,新进,603368,柳药集团,10.55亿,6
67,↓43,600606,绿地控股,5.89亿,6
68,新进,603599,广信股份,5.28亿,6
69,↓17,603883,老百姓,3.78亿,6
70,新进,002353,杰瑞股份,2.66亿,6
71,新进,300369,绿盟科技,2.46亿,6
72,↓32,600036,招商银行,1.45亿,6
73,↓35,600115,中国东航,1.05亿,6
74,↑31,600068,葛洲坝,0.98亿,6
75,↑31,601939,建设银行,0.38亿,6
76,↓22,601988,中国银行,0.23亿,6
77,↑83,600276,恒瑞医药,0.16亿,6
78,↓35,300476,胜宏科技,8.17亿,5
79,新进,002737,葵花药业,6.59亿,5
80,↓72,001979,招商蛇口,6.10亿,5
81,↓69,002024,ST易购,5.49亿,5
82,新进,603839,安正时尚,5.36亿,5
83,新进,600483,福能股份,5.00亿,5
84,↑15,002027,分众传媒,2.46亿,5
85,↑135,601211,国泰君安,0.84亿,5
86,↑52,002821,凯莱英,0.77亿,5
87,↑198,601186,中国铁建,0.67亿,5
88,↓4,603589,口子窖,0.58亿,5
89,↓63,002146,荣盛发展,0.51亿,5
90,↑185,002157,正邦科技,0.45亿,5
91,↓45,601818,光大银行,0.37亿,5
92,↓12,600585,海螺水泥,0.36亿,5
93,↓5,601336,新华保险,0.24亿,5
94,↑136,601933,永辉超市,0.20亿,5
95,↑82,300383,光环新网,8.09亿,4
96,↓4,000429,粤高速A,7.33亿,4
97,↑27,603708,家家悦,6.29亿,4
98,新进,002139,拓邦股份,6.08亿,4
99,新进,603678,火炬电子,5.14亿,4
100,↑282,300033,同花顺,4.91亿,4
101,↓6,600976,健民集团,4.23亿,4
102,↓6,002044,美年健康,4.15亿,4
103,↓9,603001,奥康国际,3.92亿,4
104,↑66,600993,马应龙,3.78亿,4
105,↓83,300073,当升科技,3.51亿,4
106,↑184,002376,新北洋,3.15亿,4
107,↓88,002202,金风科技,3.08亿,4
108,↓7,600612,老凤祥,2.75亿,4
109,↓1,300601,康泰生物,2.37亿,4
110,↓46,300450,先导智能,1.87亿,4
111,↑28,002299,圣农发展,1.54亿,4
112,↓26,603885,吉祥航空,1.00亿,4
113,↑75,603517,绝味食品,0.91亿,4
114,↑20,600763,通策医疗,0.90亿,4
115,↑4,600999,招商证券,0.77亿,4
116,新进,300012,华测检测,0.69亿,4
117,↑86,300750,宁德时代,0.57亿,4
118,↓43,300347,泰格医药,0.55亿,4
119,↑14,000069,华侨城A,0.54亿,4
120,新进,601021,春秋航空,0.44亿,4
121,↓104,002456,欧菲光,0.39亿,4
122,↓62,600000,浦发银行,0.35亿,4
123,↑215,600438,通威股份,0.33亿,4
124,↓8,601998,中信银行,0.26亿,4
125,↓11,300389,艾比森,0.24亿,4
126,↑67,002531,天顺风能,0.19亿,4
127,新进,300395,菲利华,0.14亿,4
128,↓60,002223,鱼跃医疗,3.70亿,3
129,↓73,002025,航天电器,2.98亿,3
130,新进,002541,鸿路钢构,2.69亿,3
131,↓34,600143,金发科技,2.33亿,3
132,↑117,603993,洛阳钼业,1.96亿,3
133,新进,600426,华鲁恒升,1.86亿,3
134,新进,000603,盛达资源,1.60亿,3
135,↑65,002014,永新股份,1.31亿,3
136,新进,002156,通富微电,1.31亿,3
137,新进,002237,恒邦股份,1.04亿,3
138,↓67,600325,华发股份,0.83亿,3
139,新进,002273,水晶光电,0.81亿,3
140,↑204,600919,江苏银行,0.63亿,3
141,新进,000961,ST中南,0.50亿,3
142,↑41,300357,我武生物,0.49亿,3
143,新进,600132,重庆啤酒,0.49亿,3
144,↓108,300142,沃森生物,0.39亿,3
145,↓19,600988,赤峰黄金,0.39亿,3
146,新进,002812,恩捷股份,0.39亿,3
147,↓40,600998,九州通,0.38亿,3
148,↓21,002709,天赐材料,0.38亿,3
149,↑162,300207,欣旺达,0.36亿,3
150,新进,002422,科伦药业,0.33亿,3
151,新进,002120,韵达股份,0.31亿,3
152,↑29,603899,晨光股份,0.28亿,3
153,新进,603882,金域医学,0.26亿,3
154,新进,600673,东阳光,0.20亿,3
155,↑178,000902,新洋丰,0.17亿,3
156,新进,000725,京东方A,0.17亿,3
157,新进,300034,钢研高纳,0.13亿,3
158,↑178,000401,冀东水泥,0.13亿,3
159,↑146,300525,博思软件,0.13亿,3
160,↑142,002304,洋河股份,0.12亿,3
161,持平,002572,索菲亚,0.11亿,3
162,持平,600406,国电南瑞,0.11亿,3
163,↑147,002311,海大集团,0.11亿,3
164,新进,601872,招商轮船,0.10亿,3
165,↑46,600050,中国联通,0.06亿,3
166,↓75,002470,金正大,3.02亿,2
167,新进,600004,白云机场,2.69亿,2
168,↑118,300316,晶盛机电,2.68亿,2
169,新进,300628,亿联网络,2.54亿,2
170,↑3,002179,中航光电,2.49亿,2
171,新进,002396,星网锐捷,2.32亿,2
172,↓8,000666,经纬纺机,2.21亿,2
173,新进,300166,东方国信,2.10亿,2
174,新进,300233,金城医药,1.90亿,2
175,新进,300699,光威复材,1.87亿,2
176,↓127,000998,隆平高科,1.65亿,2
177,新进,002036,联创电子,1.49亿,2
178,↓85,600060,海信视像,1.47亿,2
179,新进,600479,千金药业,1.47亿,2
180,新进,300604,长川科技,1.37亿,2
181,新进,300529,健帆生物,1.05亿,2
182,新进,601158,重庆水务,0.81亿,2
183,新进,601901,方正证券,0.80亿,2
184,↑153,000776,广发证券,0.78亿,2
185,新进,002138,顺络电子,0.75亿,2
186,↑174,000543,皖能电力,0.72亿,2
187,↑87,002850,科达利,0.69亿,2
188,新进,300349,金卡智能,0.67亿,2
189,↑135,002065,东华软件,0.66亿,2
190,新进,300379,东方通,0.66亿,2
191,新进,000166,申万宏源,0.64亿,2
192,新进,601881,中国银河,0.64亿,2
193,↑63,603711,香飘飘,0.52亿,2
194,新进,300482,万孚生物,0.51亿,2
195,新进,600153,建发股份,0.40亿,2
196,新进,002736,国信证券,0.39亿,2
197,新进,002938,鹏鼎控股,0.39亿,2
198,↑96,300662,科锐国际,0.37亿,2
199,↓149,300413,芒果超媒,0.36亿,2
200,新进,000860,顺鑫农业,0.36亿,2
201,新进,603605,珀莱雅,0.31亿,2
202,↑42,002174,游族网络,0.29亿,2
203,新进,000338,潍柴动力,0.27亿,2
204,↓19,300253,卫宁健康,0.26亿,2
205,↑165,600977,中国电影,0.25亿,2
206,新进,002035,华帝股份,0.25亿,2
207,↑161,002912,中新赛克,0.25亿,2
208,新进,300339,润和软件,0.25亿,2
209,↑9,000783,长江证券,0.25亿,2
210,新进,601229,上海银行,0.24亿,2
211,新进,002400,省广集团,0.23亿,2
212,↑75,603659,璞泰来,0.21亿,2
213,新进,002643,万润股份,0.21亿,2
214,新进,000966,长源电力,0.20亿,2
215,新进,688023,安恒信息,0.19亿,2
216,↓76,002815,崇达技术,0.18亿,2
217,新进,603737,三棵树,0.16亿,2
218,↓144,600383,金地集团,0.14亿,2
219,↑159,600332,白云山,0.12亿,2
220,新进,002548,金新农,0.12亿,2
221,↓2,300308,中际旭创,0.11亿,2
222,新进,603369,今世缘,0.10亿,2
223,↑16,300457,赢合科技,0.09亿,2
224,↑108,600392,盛和资源,0.09亿,2
225,新进,000878,云南铜业,0.08亿,2
226,新进,300406,九强生物,0.08亿,2
227,↑119,600845,宝信软件,0.08亿,2
228,新进,000876,新希望,0.07亿,2
229,新进,000625,长安汽车,0.05亿,2
230,↓14,600588,用友网络,0.04亿,2
231,↓77,601857,中国石油,0.04亿,2
232,↑91,601088,中国神华,0.03亿,2
233,↑88,603259,药明康德,0.02亿,2
234,↑26,002589,瑞康医药,0.01亿,2
235,新进,600010,包钢股份,0.00亿,2
236,新进,300511,雪榕生物,1.74亿,1
237,↓139,600377,宁沪高速,1.35亿,1
238,新进,002332,仙琚制药,1.05亿,1
239,新进,002538,司尔特,0.88亿,1
240,新进,001914,招商积余,0.88亿,1
241,新进,002159,三特索道,0.81亿,1
242,↑6,603868,飞科电器,0.63亿,1
243,↓59,300454,深信服,0.61亿,1
244,↓116,603816,顾家家居,0.61亿,1
245,↓120,601601,中国太保,0.57亿,1
246,新进,300298,三诺生物,0.49亿,1
247,↓144,002716,湖南白银,0.47亿,1
248,新进,603515,欧普照明,0.44亿,1
249,新进,601163,三角轮胎,0.39亿,1
250,新进,600339,中油工程,0.36亿,1
251,↓220,300037,新宙邦,0.35亿,1
252,新进,600790,轻纺城,0.35亿,1
253,新进,600356,恒丰纸业,0.34亿,1
254,新进,002695,煌上煌,0.25亿,1
255,↓76,600188,兖矿能源,0.23亿,1
256,新进,002050,三花智控,0.23亿,1
257,↑97,002500,山西证券,0.22亿,1
258,新进,601689,拓普集团,0.22亿,1
259,↑13,300168,万达信息,0.22亿,1
260,↓19,600885,宏发股份,0.22亿,1
261,↑92,600109,国金证券,0.22亿,1
262,↓125,601225,陕西煤业,0.22亿,1
263,新进,300315,掌趣科技,0.22亿,1
264,↓10,600801,华新水泥,0.21亿,1
265,↓8,000786,北新建材,0.21亿,1
266,↓26,000066,中国长城,0.21亿,1
267,↑88,601555,东吴证券,0.21亿,1
268,新进,000425,徐工机械,0.20亿,1
269,↓78,600681,百川能源,0.20亿,1
270,↓200,002563,森马服饰,0.20亿,1
271,↓229,601799,星宇股份,0.18亿,1
272,新进,603359,东珠生态,0.18亿,1
273,新进,603583,捷昌驱动,0.18亿,1
274,↓94,300047,天源迪科,0.18亿,1
275,新进,603939,益丰药房,0.18亿,1
276,新进,603288,海天味业,0.16亿,1
277,↑108,002557,洽洽食品,0.16亿,1
278,新进,600009,上海机场,0.16亿,1
279,新进,601100,恒立液压,0.15亿,1
280,新进,300598,诚迈科技,0.15亿,1
281,↓8,300523,辰安科技,0.15亿,1
282,新进,600640,国脉文化,0.14亿,1
283,新进,601236,红塔证券,0.14亿,1
284,↓20,002185,华天科技,0.13亿,1
285,↓253,000001,平安银行,0.13亿,1
286,新进,000811,冰轮环境,0.13亿,1
287,新进,600621,华鑫股份,0.13亿,1
288,新进,300659,中孚信息,0.13亿,1
289,持平,300451,创业慧康,0.13亿,1
290,新进,603305,旭升集团,0.12亿,1
291,新进,002847,盐津铺子,0.12亿,1
292,新进,603983,丸美股份,0.12亿,1
293,新进,601828,美凯龙,0.12亿,1
294,↑51,300408,三环集团,0.11亿,1
295,新进,300685,艾德生物,0.11亿,1
296,新进,300783,三只松鼠,0.11亿,1
297,↑33,600584,长电科技,0.09亿,1
298,新进,600131,国网信通,0.08亿,1
299,新进,300230,永利股份,0.08亿,1
300,新进,601607,上海医药,0.08亿,1
301,新进,300577,开润股份,0.07亿,1
302,新进,002425,ST凯文,0.07亿,1
303,新进,600511,国药股份,0.07亿,1
304,新进,002601,龙佰集团,0.06亿,1
305,新进,603208,江山欧派,0.06亿,1
306,新进,688012,中微公司,0.06亿,1
307,新进,002851,麦格米特,0.05亿,1
308,↑31,601877,正泰电器,0.05亿,1
309,↓167,600183,生益科技,0.05亿,1
310,新进,300422,博世科,0.05亿,1
311,↑15,600352,浙江龙盛,0.05亿,1
312,↓156,002916,深南电路,0.05亿,1
313,新进,600376,首开股份,0.05亿,1
314,新进,002127,南极电商,0.05亿,1
315,↑16,300433,蓝思科技,0.05亿,1
316,持平,300133,华策影视,0.05亿,1
317,新进,002838,道恩股份,0.05亿,1
318,新进,603160,汇顶科技,0.05亿,1
319,↑23,601952,苏垦农发,0.05亿,1
320,↓167,300285,国瓷材料,0.04亿,1
321,新进,600259,广晟有色,0.04亿,1
322,新进,002920,德赛西威,0.04亿,1
323,新进,688388,嘉元科技,0.04亿,1
324,新进,603501,韦尔股份,0.04亿,1
325,新进,300769,德方纳米,0.04亿,1
326,新进,002791,坚朗五金,0.04亿,1
327,新进,603060,国检集团,0.04亿,1
328,新进,300747,锐科激光,0.04亿,1
329,新进,002001,新和成,0.03亿,1
330,新进,300657,弘信电子,0.03亿,1
331,新进,002798,帝欧家居,0.03亿,1
332,新进,002842,翔鹭钨业,0.03亿,1
333,新进,601985,中国核电,0.03亿,1
334,↓112,000960,锡业股份,0.03亿,1
335,↓123,300001,特锐德,0.03亿,1
336,新进,300487,蓝晓科技,0.03亿,1
337,新进,601390,中国中铁,0.03亿,1
338,↓215,600038,中直股份,0.03亿,1
339,新进,603236,移远通信,0.03亿,1
340,持平,600201,生物股份,0.03亿,1
341,新进,002918,蒙娜丽莎,0.03亿,1
342,新进,002078,太阳纸业,0.03亿,1
343,新进,601658,邮储银行,0.03亿,1
344,新进,603636,南威软件,0.02亿,1
345,↓124,002368,太极股份,0.02亿,1
346,新进,603496,恒为科技,0.02亿,1
347,↓189,600498,烽火通信,0.02亿,1
348,↑18,002463,沪电股份,0.02亿,1
349,新进,603328,依顿电子,0.02亿,1
350,↓195,600011,华能国际,0.02亿,1
351,新进,688111,金山办公,0.02亿,1
352,新进,601231,环旭电子,0.02亿,1
353,新进,600312,平高电气,0.02亿,1
354,↑27,600138,中青旅,0.02亿,1
355,新进,603660,苏州科达,0.02亿,1
356,↓294,300365,恒华科技,0.02亿,1
357,新进,600350,山东高速,0.02亿,1
358,新进,688033,天宜上佳,0.02亿,1
359,新进,300759,康龙化成,0.01亿,1
360,新进,688011,新光光电,0.01亿,1
361,↓146,601766,中国中车,0.01亿,1
362,↓275,600900,长江电力,0.01亿,1
363,新进,603801,志邦家居,0.01亿,1
364,↑15,601066,中信建投,0.01亿,1
365,新进,600810,神马股份,0.01亿,1
366,新进,603108,润达医疗,0.01亿,1
367,新进,603600,永艺股份,0.01亿,1
368,新进,002714,牧原股份,0.01亿,1
369,新进,600664,哈药股份,0.01亿,1
370,新进,600161,天坛生物,0.01亿,1
371,新进,300595,欧普康视,0.01亿,1
372,新进,603156,养元饮品,0.01亿,1
373,新进,600748,上实发展,0.01亿,1
374,↓123,002677,浙江美大,0.01亿,1
375,新进,002555,三七互娱,0.01亿,1
376,新进,002309,*ST中利,0.01亿,1
377,新进,603444,吉比特,0.01亿,1
378,新进,002373,千方科技,0.01亿,1
379,↓3,002367,康力电梯,0.01亿,1
380,↓9,600298,安琪酵母,0.01亿,1
381,↓218,002230,科大讯飞,0.00亿,1
382,↓139,300122,智飞生物,0.00亿,1
383,↓166,000538,云南白药,0.00亿,1
384,新进,600980,北矿科技,0.00亿,1
385,新进,300405,科隆股份,0.00亿,1
386,新进,600213,*ST亚星,0.00亿,1
387,新进,000892,欢瑞世纪,0.00亿,1
388,↓181,600309,万华化学,0.00亿,1
389,新进,600731,湖南海利,0.00亿,1
390,新进,603833,欧派家居,0.00亿,1
391,新进,603379,三美股份,0.00亿,1
