股票代码,股票简称,同花顺行业,总市值,2026年4月涨跌幅,此前涨幅大于20%月份数量,此前涨幅大于20%月份
601138,工业富联,电子-消费电子-消费电子零部件及组装,"13,916.66亿",22.19%,3,2025年7月、2025年8月、2025年9月
300308,中际旭创,通信-通信设备-通信网络设备及器件,"12,814.05亿",50.86%,3,2025年6月、2025年7月、2025年8月
688256,寒武纪,电子-半导体-数字芯片设计,"7,790.83亿",73.05%,2,2025年2月、2025年8月
688041,海光信息,电子-半导体-数字芯片设计,"6,508.15亿",40.90%,3,2025年2月、2025年8月、2025年9月
688981,中芯国际,电子-半导体-集成电路制造,"6,242.68亿",26.24%,2,2025年8月、2025年9月
002371,北方华创,电子-半导体-半导体设备,"4,836.01亿",20.13%,1,2025年9月
002475,立讯精密,电子-消费电子-消费电子零部件及组装,"4,645.54亿",36.01%,2,2025年8月、2025年9月
002384,东山精密,电子-元件-印制电路板,"3,984.66亿",80.76%,3,2025年6月、2025年7月、2026年3月
600183,生益科技,电子-元件-印制电路板,"3,674.77亿",41.86%,4,2025年1月、2025年7月、2025年8月、2025年12月
603986,兆易创新,电子-半导体-数字芯片设计,"3,404.39亿",31.55%,3,2025年8月、2025年9月、2026年1月
300476,胜宏科技,电子-元件-印制电路板,"3,218.05亿",31.92%,5,2025年1月、2025年3月、2025年6月、2025年7月、2025年8月
688012,中微公司,电子-半导体-半导体设备,"2,847.65亿",22.85%,2,2025年9月、2026年1月
688008,澜起科技,电子-半导体-数字芯片设计,"2,811.91亿",38.33%,3,2025年8月、2025年9月、2026年1月
600150,中国船舶,国防军工-军工装备-航海装备,"2,625.69亿",35.41%,0,未出现
002916,深南电路,电子-元件-印制电路板,"2,585.03亿",42.83%,4,2025年6月、2025年7月、2025年8月、2026年2月
688347,华虹宏力,电子-半导体-集成电路制造,"2,499.63亿",33.14%,3,2025年8月、2025年9月、2026年1月
000338,潍柴动力,汽车-汽车零部件-底盘与发动机系统,"2,481.62亿",28.71%,1,2026年1月
300408,三环集团,电子-元件-被动元件,"2,424.37亿",62.69%,2,2025年8月、2026年2月
002463,沪电股份,电子-元件-印制电路板,"2,409.30亿",35.25%,3,2025年6月、2025年7月、2025年8月
600487,亨通光电,通信-通信设备-通信线缆及配套,"2,392.40亿",24.76%,4,2025年8月、2025年12月、2026年1月、2026年2月
002938,鹏鼎控股,电子-元件-印制电路板,"2,352.76亿",38.85%,1,2025年7月
301308,江波龙,电子-半导体-数字芯片设计,"2,178.30亿",35.14%,5,2025年2月、2025年6月、2025年9月、2025年10月、2026年1月
301377,鼎泰高科,机械设备-通用设备-金属制品,"1,938.99亿",21.93%,7,2025年2月、2025年6月、2025年7月、2025年8月、2025年10月、2025年12月、2026年1月
603256,宏和科技,电子-电子化学品-电子化学品Ⅲ,"1,880.54亿",70.09%,6,2025年5月、2025年6月、2025年7月、2025年8月、2026年1月、2026年2月
688072,拓荆科技,电子-半导体-半导体设备,"1,823.88亿",20.29%,2,2025年2月、2025年9月
000657,中钨高新,有色金属-小金属-钨,"1,800.10亿",21.97%,6,2025年7月、2025年8月、2025年10月、2025年12月、2026年1月、2026年2月
688498,源杰科技,电子-半导体-分立器件,"1,743.02亿",56.29%,6,2025年6月、2025年7月、2025年8月、2025年9月、2026年1月、2026年3月
600176,中国巨石,建筑材料-建筑材料-玻璃玻纤,"1,665.71亿",42.25%,3,2025年8月、2026年1月、2026年2月
002281,光迅科技,通信-通信设备-通信网络设备及器件,"1,653.44亿",71.15%,2,2025年6月、2025年8月
688146,中船特气,电子-电子化学品-电子化学品Ⅲ,"1,598.82亿",88.79%,1,2025年8月
688525,佰维存储,电子-半导体-数字芯片设计,"1,546.27亿",25.04%,6,2025年2月、2025年6月、2025年9月、2025年10月、2026年1月、2026年3月
002353,杰瑞股份,机械设备-专用设备-能源及重型设备,"1,483.57亿",41.83%,4,2025年8月、2025年12月、2026年1月、2026年2月
603268,松发股份,国防军工-军工装备-航海装备,"1,435.39亿",33.24%,3,2025年7月、2025年11月、2026年2月
300604,长川科技,电子-半导体-半导体设备,"1,415.51亿",43.94%,4,2025年8月、2025年9月、2025年12月、2026年1月
001309,德明利,电子-半导体-数字芯片设计,"1,400.61亿",38.22%,3,2025年2月、2025年9月、2026年3月
002008,大族激光,机械设备-自动化设备-激光设备,"1,226.46亿",64.57%,2,2025年8月、2026年2月
301217,铜冠铜箔,电力设备-电池-锂电池,"1,175.54亿",108.91%,3,2025年7月、2025年8月、2026年2月
688521,芯原股份,电子-半导体-数字芯片设计,"1,173.47亿",38.84%,5,2025年2月、2025年3月、2025年8月、2026年1月、2026年2月
603296,华勤技术,电子-消费电子-消费电子零部件及组装,"1,108.19亿",29.30%,1,2025年6月
300857,协创数据,计算机-计算机设备-其他计算机设备,"1,094.71亿",73.98%,5,2025年2月、2025年8月、2025年9月、2025年12月、2026年1月
301526,国际复材,建筑材料-建筑材料-玻璃玻纤,"1,072.44亿",42.55%,5,2025年7月、2025年8月、2025年12月、2026年1月、2026年2月
002080,中材科技,建筑材料-建筑材料-玻璃玻纤,"1,039.09亿",40.94%,4,2025年2月、2025年5月、2025年7月、2025年8月
688702,盛科通信,电子-半导体-数字芯片设计,"1,037.10亿",93.05%,2,2025年8月、2026年2月
688183,生益电子,电子-元件-印制电路板,"1,028.55亿",31.23%,3,2025年6月、2025年8月、2025年10月
002466,天齐锂业,有色金属-能源金属-锂,"1,020.67亿",44.25%,0,未出现
002709,天赐材料,电力设备-电池-电池化学品,"1,011.94亿",32.41%,1,2025年9月
300757,罗博特科,机械设备-自动化设备-其他自动化设备,"1,005.65亿",26.67%,3,2025年7月、2025年8月、2026年1月
688126,沪硅产业,电子-半导体-半导体材料,977.96亿,21.95%,1,2025年9月
300136,信维通信,电子-消费电子-消费电子零部件及组装,937.19亿,40.58%,3,2025年10月、2025年12月、2026年1月
600118,中国卫星,国防军工-军工装备-航天装备,922.34亿,25.58%,2,2025年8月、2025年12月
300475,香农芯创,电子-其他电子-其他电子Ⅲ,880.39亿,39.06%,5,2025年2月、2025年6月、2025年8月、2025年9月、2025年10月
301511,德福科技,电力设备-电池-锂电池,871.48亿,93.31%,3,2025年6月、2025年7月、2026年2月
002156,通富微电,电子-半导体-集成电路封测,868.37亿,25.31%,2,2025年9月、2026年1月
000977,浪潮信息,计算机-计算机设备-其他计算机设备,849.66亿,24.39%,1,2025年8月
688777,中控技术,机械设备-自动化设备-工控设备,839.37亿,23.13%,1,2026年1月
688249,晶合集成,电子-半导体-集成电路制造,813.07亿,28.13%,1,2025年9月
688396,华润微,电子-半导体-集成电路制造,807.55亿,27.19%,1,2026年1月
300390,天华新能,电力设备-电池-电池化学品,798.35亿,88.89%,3,2025年9月、2025年10月、2025年11月
688361,中科飞测,电子-半导体-半导体设备,792.94亿,29.30%,2,2025年12月、2026年1月
002851,麦格米特,电力设备-其他电源设备-其他电源设备Ⅲ,786.81亿,23.67%,3,2025年8月、2025年12月、2026年1月
000301,东方盛虹,石油石化-石油加工贸易-石油加工,785.41亿,24.60%,1,2026年1月
300054,鼎龙股份,电子-电子化学品-电子化学品Ⅲ,752.66亿,26.49%,0,未出现
600105,永鼎股份,通信-通信设备-通信线缆及配套,750.00亿,52.88%,4,2025年3月、2025年5月、2025年8月、2025年12月
600378,昊华科技,基础化工-化学制品-氟化工,737.23亿,20.03%,0,未出现
300666,江丰电子,电子-半导体-半导体材料,727.19亿,29.17%,3,2025年9月、2026年1月、2026年2月
603228,景旺电子,电子-元件-印制电路板,719.93亿,24.70%,3,2025年1月、2025年6月、2025年7月
600869,远东股份,电力设备-电网设备-线缆部件及其他,719.74亿,26.04%,3,2025年8月、2026年1月、2026年2月
000938,紫光股份,计算机-IT服务-IT服务Ⅲ,719.31亿,28.54%,0,未出现
300620,光库科技,通信-通信设备-通信网络设备及器件,712.36亿,33.70%,3,2025年8月、2025年9月、2025年11月
600482,中国动力,电力设备-其他电源设备-其他电源设备Ⅲ,708.15亿,23.11%,2,2026年1月、2026年2月
688519,南亚新材,电子-元件-印制电路板,698.93亿,34.30%,5,2025年2月、2025年6月、2025年8月、2025年12月、2026年2月
300661,圣邦股份,电子-半导体-模拟芯片设计,691.68亿,36.05%,0,未出现
002484,江海股份,电子-元件-被动元件,691.05亿,32.90%,2,2025年1月、2025年8月
000636,风华高科,电子-元件-被动元件,684.03亿,32.54%,2,2026年1月、2026年2月
603893,瑞芯微,电子-半导体-数字芯片设计,675.74亿,20.15%,2,2025年1月、2025年8月
688313,仕佳光子,通信-通信设备-通信网络设备及器件,673.78亿,58.67%,4,2025年4月、2025年6月、2025年7月、2025年8月
002812,恩捷股份,电力设备-电池-电池化学品,663.33亿,22.38%,2,2025年9月、2026年2月
001203,大中矿业,钢铁-钢铁-冶钢原料,660.91亿,31.00%,4,2025年7月、2025年10月、2025年11月、2026年2月
300548,长芯博创,通信-通信设备-通信网络设备及器件,660.11亿,67.61%,5,2025年1月、2025年6月、2025年7月、2025年8月、2025年11月
002636,金安国纪,电子-元件-印制电路板,654.33亿,49.12%,3,2025年7月、2025年10月、2026年1月
003031,中瓷电子,通信-通信设备-通信终端及配件,649.52亿,64.96%,1,2025年12月
688629,华丰科技,国防军工-军工电子-军工电子Ⅲ,648.16亿,31.87%,4,2025年2月、2025年8月、2025年12月、2026年2月
002436,兴森科技,电子-元件-印制电路板,642.48亿,38.26%,1,2025年7月
301165,锐捷网络,通信-通信设备-通信网络设备及器件,623.64亿,21.52%,3,2025年6月、2025年8月、2025年12月
601208,东材科技,基础化工-塑料制品-膜材料,616.82亿,33.36%,3,2025年7月、2025年12月、2026年2月
301358,湖南裕能,电力设备-电池-电池化学品,612.77亿,35.44%,2,2025年9月、2025年10月
688002,睿创微纳,国防军工-军工电子-军工电子Ⅲ,610.47亿,44.28%,1,2025年12月
603083,剑桥科技,通信-通信设备-通信终端及配件,602.89亿,72.41%,4,2025年6月、2025年8月、2025年9月、2025年12月
002428,云南锗业,有色金属-小金属-其他小金属,602.57亿,43.14%,3,2025年8月、2025年12月、2026年2月
688200,华峰测控,电子-半导体-半导体设备,601.69亿,33.14%,4,2025年1月、2025年8月、2025年9月、2026年1月
688668,鼎通科技,通信-通信设备-通信网络设备及器件,589.43亿,74.98%,5,2025年6月、2025年7月、2025年8月、2025年12月、2026年1月
688048,长光华芯,电子-半导体-分立器件,589.39亿,70.89%,5,2025年2月、2025年7月、2025年11月、2026年2月、2026年3月
688766,普冉股份,电子-半导体-数字芯片设计,580.82亿,20.39%,2,2025年9月、2026年1月
688234,天岳先进,电子-半导体-半导体材料,571.88亿,23.32%,2,2025年9月、2025年11月
688047,龙芯中科,电子-半导体-数字芯片设计,563.65亿,27.33%,1,2026年1月
300037,新宙邦,电力设备-电池-电池化学品,560.14亿,23.79%,1,2025年8月
601126,四方股份,电力设备-电网设备-电气自控设备,559.68亿,30.62%,2,2025年10月、2026年1月
688409,富创精密,电子-半导体-半导体设备,557.30亿,42.69%,1,2026年1月
688110,东芯股份,电子-半导体-数字芯片设计,556.07亿,32.29%,3,2025年7月、2025年8月、2025年11月
000688,国城矿业,有色金属-小金属-钼,555.92亿,32.89%,3,2025年10月、2025年11月、2026年2月
688387,信科移动,通信-通信设备-通信网络设备及器件,542.56亿,31.23%,3,2025年8月、2025年12月、2026年1月
002203,海亮股份,有色金属-工业金属-铜,537.19亿,29.42%,0,未出现
601233,桐昆股份,基础化工-化学纤维-涤纶,530.52亿,34.13%,1,2026年1月
688141,杰华特,电子-半导体-模拟芯片设计,528.27亿,81.05%,3,2025年8月、2025年9月、2026年1月
603156,养元饮品,食品饮料-饮料制造-软饮料,521.38亿,26.21%,1,2025年9月
688630,芯碁微装,机械设备-专用设备-其他专用设备,519.06亿,33.76%,2,2025年7月、2026年1月
300782,卓胜微,电子-半导体-模拟芯片设计,516.11亿,24.95%,0,未出现
688037,芯源微,电子-半导体-半导体设备,515.34亿,38.52%,1,2026年1月
000066,中国长城,计算机-计算机设备-其他计算机设备,500.32亿,34.74%,1,2025年2月
605358,立昂微,电子-半导体-半导体材料,498.09亿,26.07%,2,2025年9月、2026年1月
000703,恒逸石化,基础化工-化学纤维-涤纶,497.89亿,44.79%,1,2025年12月
605589,圣泉集团,基础化工-塑料制品-合成树脂,493.61亿,36.37%,0,未出现
300919,中伟新材,电力设备-电池-电池化学品,473.68亿,29.23%,1,2025年9月
002407,多氟多,基础化工-化学制品-氟化工,472.24亿,30.74%,3,2025年9月、2025年10月、2025年11月
002240,盛新锂能,有色金属-能源金属-锂,467.53亿,49.85%,3,2025年7月、2025年10月、2025年11月
605376,博迁新材,有色金属-能源金属-镍,463.06亿,42.68%,6,2025年2月、2025年6月、2025年8月、2025年9月、2025年12月、2026年1月
002273,水晶光电,电子-光学光电子-光学元件,450.43亿,50.18%,1,2025年8月
002738,中矿资源,有色金属-小金属-其他小金属,441.41亿,22.34%,0,未出现
688147,微导纳米,电子-半导体-半导体设备,439.20亿,23.90%,4,2025年8月、2025年9月、2025年11月、2026年2月
002487,大金重工,电力设备-风电设备-风电零部件,435.37亿,20.67%,2,2025年6月、2025年9月
688536,思瑞浦,电子-半导体-模拟芯片设计,427.15亿,55.98%,3,2025年2月、2025年4月、2026年1月
002222,福晶科技,电子-光学光电子-光学元件,425.01亿,27.64%,1,2026年1月
300570,太辰光,通信-通信设备-通信网络设备及器件,420.37亿,26.25%,3,2025年1月、2025年6月、2025年8月
300870,欧陆通,电力设备-其他电源设备-其他电源设备Ⅲ,418.04亿,66.22%,3,2025年2月、2025年6月、2025年8月
603308,应流股份,机械设备-通用设备-金属制品,408.45亿,22.44%,4,2025年1月、2025年10月、2026年1月、2026年2月
603699,纽威股份,机械设备-通用设备-金属制品,402.84亿,29.87%,2,2025年1月、2025年9月
603629,利通电子,计算机-IT服务-IT服务Ⅲ,399.12亿,124.80%,2,2026年1月、2026年2月
688627,精智达,机械设备-专用设备-其他专用设备,390.14亿,28.66%,2,2025年9月、2026年1月
001267,汇绿生态,通信-通信设备-通信网络设备及器件,388.66亿,42.97%,5,2025年1月、2025年7月、2025年9月、2026年1月、2026年3月
300432,富临精工,汽车-汽车零部件-底盘与发动机系统,386.06亿,21.83%,3,2025年8月、2025年9月、2026年3月
603688,石英股份,基础化工-非金属材料-非金属材料Ⅲ,384.00亿,34.06%,1,2026年2月
300776,帝尔激光,电力设备-光伏设备-光伏加工设备,383.10亿,43.39%,2,2025年8月、2026年1月
688548,广钢气体,电子-电子化学品-电子化学品Ⅲ,381.97亿,35.10%,2,2026年1月、2026年2月
300438,鹏辉能源,电力设备-电池-锂电池,378.41亿,52.61%,4,2025年2月、2025年9月、2025年10月、2026年3月
300972,万辰集团,商贸零售-零售-百货零售,378.09亿,24.39%,3,2025年1月、2025年4月、2025年8月
688220,翱捷科技,电子-半导体-模拟芯片设计,376.39亿,51.16%,2,2025年1月、2025年2月
688368,晶丰明源,电子-半导体-模拟芯片设计,371.70亿,23.63%,2,2025年12月、2026年1月
688099,晶晨股份,电子-半导体-数字芯片设计,370.91亿,33.67%,2,2025年1月、2025年8月
301396,宏景科技,计算机-IT服务-IT服务Ⅲ,370.87亿,106.77%,5,2025年2月、2025年3月、2025年8月、2026年1月、2026年3月
301018,申菱环境,机械设备-通用设备-制冷空调设备,367.54亿,27.72%,4,2025年2月、2025年7月、2025年8月、2026年2月
688549,中巨芯,电子-电子化学品-电子化学品Ⅲ,367.10亿,43.57%,0,未出现
300806,斯迪克,基础化工-塑料制品-膜材料,365.22亿,76.29%,3,2025年2月、2025年8月、2026年1月
688052,纳芯微,电子-半导体-模拟芯片设计,365.12亿,33.89%,1,2025年4月
600707,彩虹股份,电子-光学光电子-面板,353.82亿,44.72%,0,未出现
688025,杰普特,机械设备-自动化设备-激光设备,352.22亿,66.75%,4,2025年6月、2025年7月、2025年8月、2026年2月
688205,德科立,通信-通信设备-通信网络设备及器件,350.32亿,30.96%,4,2025年5月、2025年8月、2025年11月、2026年1月
600330,天通股份,电子-电子化学品-电子化学品Ⅲ,348.45亿,78.44%,2,2025年12月、2026年2月
600331,宏达股份,基础化工-农化制品-磷肥及磷化工,348.16亿,23.57%,3,2025年6月、2026年1月、2026年2月
603129,春风动力,汽车-汽车服务及其他-其他运输设备,345.60亿,20.56%,1,2025年1月
688195,腾景科技,电子-光学光电子-光学元件,343.96亿,22.73%,5,2025年8月、2025年9月、2025年11月、2026年1月、2026年3月
003022,联泓新科,电力设备-光伏设备-光伏辅材,338.03亿,21.91%,1,2025年8月
300811,铂科新材,有色金属-金属新材料-磁性材料,336.53亿,29.95%,2,2025年7月、2025年8月
603306,华懋科技,汽车-汽车零部件-车身附件及饰件,332.72亿,34.19%,5,2025年1月、2025年5月、2025年8月、2025年12月、2026年1月
300953,震裕科技,电力设备-电池-锂电池,332.70亿,26.45%,3,2025年1月、2025年8月、2025年9月
000967,盈峰环境,环保-环保设备-环保设备Ⅲ,330.88亿,59.46%,2,2025年2月、2025年5月
002245,蔚蓝锂芯,电力设备-电池-锂电池,328.89亿,24.46%,1,2025年8月
301297,富乐德,电子-半导体-半导体设备,327.42亿,31.11%,0,未出现
002859,洁美科技,电子-其他电子-其他电子Ⅲ,324.63亿,28.36%,3,2025年7月、2025年8月、2026年1月
688127,蓝特光学,电子-光学光电子-光学元件,321.63亿,35.33%,2,2025年8月、2025年12月
300814,中富电路,电子-元件-印制电路板,320.30亿,34.57%,4,2025年6月、2025年8月、2025年11月、2026年2月
600884,杉杉股份,电力设备-电池-电池化学品,306.37亿,25.47%,2,2025年6月、2025年9月
000811,冰轮环境,机械设备-通用设备-制冷空调设备,305.39亿,44.89%,3,2025年7月、2025年12月、2026年2月
300903,科翔股份,电子-元件-印制电路板,304.90亿,55.36%,2,2025年6月、2026年1月
300458,全志科技,电子-半导体-数字芯片设计,301.47亿,24.91%,1,2025年1月
000062,深圳华强,电子-其他电子-其他电子Ⅲ,300.91亿,50.02%,0,未出现
600499,科达制造,轻工制造-家居用品-瓷砖地板,300.34亿,21.15%,1,2026年1月
300236,上海新阳,电子-电子化学品-电子化学品Ⅲ,300.00亿,29.20%,2,2025年8月、2026年1月
002149,西部材料,有色金属-小金属-其他小金属,291.95亿,23.22%,1,2025年12月
603773,沃格光电,电子-光学光电子-面板,291.73亿,111.69%,1,2025年8月
002491,通鼎互联,通信-通信设备-通信线缆及配套,279.58亿,29.51%,2,2026年1月、2026年2月
600206,有研新材,电子-半导体-半导体材料,279.28亿,33.81%,2,2025年2月、2025年8月
688001,华兴源创,机械设备-专用设备-其他专用设备,277.00亿,74.68%,0,未出现
301362,民爆光电,电子-光学光电子-LED,273.97亿,57.80%,2,2025年8月、2026年2月
688531,日联科技,机械设备-专用设备-其他专用设备,273.63亿,84.33%,1,2025年8月
603061,金海通,电子-半导体-半导体设备,273.34亿,36.89%,2,2025年8月、2026年1月
600961,株冶集团,有色金属-工业金属-铅锌,272.62亿,52.33%,4,2025年3月、2025年8月、2025年9月、2026年1月
688400,凌云光,机械设备-自动化设备-其他自动化设备,271.72亿,57.89%,2,2025年2月、2025年9月
300073,当升科技,电力设备-电池-电池化学品,271.55亿,23.65%,2,2025年2月、2025年9月
600641,先导基电,电子-半导体-半导体材料,269.67亿,50.27%,1,2025年9月
300747,锐科激光,机械设备-自动化设备-激光设备,269.34亿,33.58%,2,2025年6月、2025年7月
603730,岱美股份,汽车-汽车零部件-车身附件及饰件,268.57亿,23.58%,1,2025年10月
603186,华正新材,电子-元件-印制电路板,267.01亿,32.26%,3,2025年8月、2026年1月、2026年2月
301486,致尚科技,通信-通信设备-通信网络设备及器件,264.44亿,42.99%,4,2025年2月、2025年8月、2025年12月、2026年1月
688388,嘉元科技,电力设备-电池-锂电池,263.70亿,20.97%,2,2025年8月、2025年9月
301389,隆扬电子,电子-消费电子-消费电子零部件及组装,263.63亿,27.33%,4,2025年2月、2025年6月、2025年7月、2025年8月
002497,雅化集团,基础化工-化学制品-民爆用品,263.36亿,32.20%,2,2025年7月、2025年10月
600546,山煤国际,煤炭-煤炭开采加工-煤炭开采,263.07亿,26.67%,0,未出现
688362,甬矽电子,电子-半导体-集成电路封测,262.59亿,33.58%,2,2025年8月、2026年1月
688432,有研硅,电子-半导体-半导体材料,262.56亿,20.92%,1,2026年2月
002364,中恒电气,电力设备-其他电源设备-其他电源设备Ⅲ,262.11亿,56.76%,3,2025年1月、2025年2月、2025年8月
001270,铖昌科技,国防军工-军工电子-军工电子Ⅲ,258.98亿,24.80%,2,2025年12月、2026年1月
600208,衢州发展,房地产-房地产-住宅开发,252.72亿,44.44%,1,2025年7月
002975,博杰股份,机械设备-自动化设备-工控设备,252.61亿,57.24%,3,2025年2月、2025年8月、2025年9月
002266,浙富控股,环保-环境治理-固废治理,250.00亿,27.32%,0,未出现
301319,唯特偶,电子-电子化学品-电子化学品Ⅲ,248.50亿,74.82%,4,2025年3月、2025年6月、2025年9月、2025年12月
603876,鼎胜新材,有色金属-工业金属-铝,245.98亿,34.30%,0,未出现
001339,智微智能,计算机-计算机设备-其他计算机设备,245.73亿,50.50%,2,2025年2月、2025年8月
688502,茂莱光学,电子-光学光电子-光学元件,245.52亿,58.38%,2,2025年6月、2025年8月
600166,福田汽车,汽车-汽车整车-商用载货车,245.44亿,20.07%,0,未出现
000766,通化金马,医药生物-化学制药-化学制剂,244.43亿,27.43%,1,2025年6月
600114,东睦股份,机械设备-通用设备-金属制品,243.52亿,23.02%,2,2025年2月、2025年8月
300503,昊志机电,机械设备-通用设备-其他通用设备,243.19亿,20.45%,3,2025年2月、2025年8月、2025年12月
300602,飞荣达,电子-消费电子-消费电子零部件及组装,242.23亿,20.26%,1,2025年8月
300209,行云科技,商贸零售-互联网电商-互联网电商Ⅲ,242.10亿,74.70%,3,2025年9月、2026年1月、2026年3月
688700,东威科技,机械设备-专用设备-其他专用设备,242.09亿,24.85%,3,2025年2月、2025年3月、2025年7月
688268,华特气体,电子-电子化学品-电子化学品Ⅲ,240.83亿,106.92%,1,2026年3月
002536,飞龙股份,汽车-汽车零部件-底盘与发动机系统,237.96亿,30.57%,3,2025年2月、2025年8月、2025年12月
300323,华灿光电,电子-光学光电子-LED,237.93亿,25.52%,1,2025年8月
600353,旭光电子,电子-其他电子-其他电子Ⅲ,237.79亿,21.62%,3,2025年5月、2025年6月、2025年8月
301128,强瑞技术,机械设备-专用设备-其他专用设备,237.34亿,20.57%,3,2025年2月、2025年8月、2026年3月
002192,融捷股份,有色金属-能源金属-锂,233.01亿,43.18%,2,2025年10月、2026年3月
300679,电连技术,电子-消费电子-消费电子零部件及组装,229.40亿,33.49%,0,未出现
002552,宝鼎科技,电子-元件-印制电路板,227.44亿,37.94%,0,未出现
688652,京仪装备,电子-半导体-半导体设备,227.10亿,20.88%,2,2025年8月、2025年9月
300342,天银机电,家用电器-白色家电-家电零部件,226.88亿,33.74%,2,2025年12月、2026年1月
300489,光智科技,电子-光学光电子-光学元件,226.63亿,101.92%,1,2025年12月
301345,涛涛车业,汽车-汽车服务及其他-其他运输设备,226.20亿,25.29%,3,2025年6月、2025年7月、2025年12月
300657,弘信电子,电子-元件-印制电路板,226.12亿,23.99%,1,2025年2月
688005,容百科技,电力设备-电池-电池化学品,224.35亿,22.94%,2,2025年6月、2025年9月
688800,瑞可达,电子-其他电子-其他电子Ⅲ,224.33亿,30.79%,5,2025年1月、2025年6月、2025年8月、2025年12月、2026年2月
688308,欧科亿,机械设备-通用设备-金属制品,223.14亿,22.27%,3,2025年10月、2026年1月、2026年2月
002645,华宏科技,环保-环境治理-综合环境治理,220.89亿,54.11%,2,2025年3月、2025年7月
301123,奕东电子,电子-消费电子-消费电子零部件及组装,219.11亿,32.89%,2,2025年8月、2025年12月
301285,鸿日达,电子-消费电子-消费电子零部件及组装,218.99亿,23.21%,3,2025年7月、2025年8月、2025年12月
603115,海星股份,电子-电子化学品-电子化学品Ⅲ,217.99亿,29.44%,3,2025年8月、2026年1月、2026年3月
301219,腾远钴业,有色金属-能源金属-钴,217.68亿,48.39%,2,2025年6月、2025年8月
603063,禾望电气,电力设备-风电设备-风电零部件,217.39亿,42.37%,2,2025年1月、2025年6月
688503,聚和材料,电力设备-光伏设备-光伏辅材,217.37亿,24.45%,3,2025年6月、2025年9月、2026年2月
002947,恒铭达,电子-消费电子-消费电子零部件及组装,214.91亿,62.54%,1,2025年8月
688279,峰岹科技,电子-半导体-数字芯片设计,213.79亿,29.79%,1,2025年1月
300835,龙磁科技,有色金属-金属新材料-磁性材料,211.55亿,25.85%,4,2025年1月、2025年6月、2025年7月、2026年1月
002957,科瑞技术,机械设备-自动化设备-工控设备,211.46亿,63.98%,1,2026年2月
300302,同有科技,计算机-计算机设备-其他计算机设备,208.00亿,39.79%,3,2025年2月、2025年9月、2026年1月
600186,莲花控股,食品饮料-食品加工制造-调味发酵品,207.42亿,50.99%,1,2025年2月
688625,呈和科技,基础化工-化学制品-其他化学制品,207.38亿,37.25%,1,2026年1月
603826,坤彩科技,基础化工-非金属材料-非金属材料Ⅲ,206.06亿,22.12%,2,2026年2月、2026年3月
301086,鸿富瀚,电子-消费电子-消费电子零部件及组装,205.49亿,54.12%,4,2025年8月、2025年9月、2025年12月、2026年1月
688003,天准科技,机械设备-自动化设备-其他自动化设备,204.99亿,23.99%,3,2025年2月、2025年8月、2026年1月
002980,华盛昌,电力设备-电网设备-电气自控设备,202.30亿,89.88%,3,2025年8月、2026年2月、2026年3月
603026,石大胜华,电力设备-电池-电池化学品,200.94亿,32.64%,4,2025年9月、2025年10月、2025年11月、2026年3月
