股票代码,股票简称,同花顺行业,总市值,区间内此前出现近1年新高月份数量,区间内此前出现近1年新高月份,距最新月份未再创新高月数
601288,农业银行,银行-银行-国有大型银行,"23,327.84亿",7,2025年2月、2025年4月、2025年5月、2025年6月、2025年7月、2025年8月、2025年9月,9
601857,中国石油,石油石化-石油加工贸易-石油加工,"18,705.75亿",0,未出现,9
300750,宁德时代,电力设备-电池-锂电池,"18,682.41亿",2,2025年8月、2025年9月,9
601138,工业富联,电子-消费电子-消费电子零部件及组装,"13,916.66亿",3,2025年7月、2025年8月、2025年9月,9
300308,中际旭创,通信-通信设备-通信网络设备及器件,"12,814.05亿",3,2025年7月、2025年8月、2025年9月,9
601899,紫金矿业,有色金属-贵金属-贵金属Ⅲ,"7,627.72亿",4,2025年6月、2025年7月、2025年8月、2025年9月,9
300502,新易盛,通信-通信设备-通信网络设备及器件,"7,061.35亿",4,2025年6月、2025年7月、2025年8月、2025年9月,0
688981,中芯国际,电子-半导体-集成电路制造,"6,242.68亿",2,2025年8月、2025年9月,0
002371,北方华创,电子-半导体-半导体设备,"4,836.01亿",2,2025年8月、2025年9月,0
603993,洛阳钼业,有色金属-工业金属-铜,"3,979.58亿",3,2025年7月、2025年8月、2025年9月,9
600183,生益科技,电子-元件-印制电路板,"3,674.77亿",5,2025年1月、2025年2月、2025年7月、2025年8月、2025年9月,9
603986,兆易创新,电子-半导体-数字芯片设计,"3,404.39亿",4,2025年1月、2025年2月、2025年8月、2025年9月,9
300274,阳光电源,电力设备-光伏设备-逆变器,"3,084.11亿",1,2025年9月,9
688012,中微公司,电子-半导体-半导体设备,"2,847.65亿",1,2025年9月,0
688008,澜起科技,电子-半导体-数字芯片设计,"2,811.91亿",3,2025年7月、2025年8月、2025年9月,0
002415,海康威视,计算机-计算机设备-安防设备,"2,771.46亿",0,未出现,0
002916,深南电路,电子-元件-印制电路板,"2,585.03亿",5,2025年1月、2025年2月、2025年7月、2025年8月、2025年9月,0
688347,华虹宏力,电子-半导体-集成电路制造,"2,499.63亿",3,2025年2月、2025年7月、2025年9月,0
300408,三环集团,电子-元件-被动元件,"2,424.37亿",2,2025年8月、2025年9月,9
600487,亨通光电,通信-通信设备-通信线缆及配套,"2,392.40亿",2,2025年8月、2025年9月,9
002379,宏桥控股,有色金属-工业金属-铝,"2,289.57亿",7,2025年1月、2025年3月、2025年5月、2025年6月、2025年7月、2025年8月、2025年9月,9
301308,江波龙,电子-半导体-数字芯片设计,"2,178.30亿",1,2025年9月,0
301377,鼎泰高科,机械设备-通用设备-金属制品,"1,938.99亿",7,2025年1月、2025年2月、2025年3月、2025年6月、2025年7月、2025年8月、2025年9月,9
601898,中煤能源,煤炭-煤炭开采加工-煤炭开采,"1,915.95亿",0,未出现,9
688072,拓荆科技,电子-半导体-半导体设备,"1,823.88亿",1,2025年9月,0
300124,汇川技术,机械设备-自动化设备-工控设备,"1,818.43亿",2,2025年2月、2025年9月,9
000657,中钨高新,有色金属-小金属-钨,"1,800.10亿",4,2025年6月、2025年7月、2025年8月、2025年9月,9
002050,三花智控,家用电器-白色家电-家电零部件,"1,789.63亿",3,2025年1月、2025年2月、2025年9月,9
600111,北方稀土,有色金属-小金属-稀土,"1,786.93亿",2,2025年7月、2025年8月,9
601600,中国铝业,有色金属-工业金属-铝,"1,780.94亿",0,未出现,9
601336,新华保险,非银金融-保险-保险Ⅲ,"1,745.10亿",3,2025年6月、2025年7月、2025年8月,9
688498,源杰科技,电子-半导体-分立器件,"1,743.02亿",4,2025年6月、2025年7月、2025年8月、2025年9月,9
600031,三一重工,机械设备-工程机械-工程机械Ⅲ,"1,732.92亿",3,2025年7月、2025年8月、2025年9月,9
601688,华泰证券,非银金融-证券-证券Ⅲ,"1,712.21亿",1,2025年8月,9
600989,宝丰能源,基础化工-化学原料-煤化工,"1,694.01亿",0,未出现,9
000792,盐湖股份,基础化工-农化制品-钾肥,"1,677.43亿",1,2025年9月,9
600522,中天科技,通信-通信设备-通信线缆及配套,"1,658.69亿",1,2025年9月,9
000063,中兴通讯,通信-通信设备-通信网络设备及器件,"1,634.94亿",4,2025年1月、2025年2月、2025年8月、2025年9月,9
688146,中船特气,电子-电子化学品-电子化学品Ⅲ,"1,598.82亿",2,2025年8月、2025年9月,9
688525,佰维存储,电子-半导体-数字芯片设计,"1,546.27亿",2,2025年3月、2025年9月,9
601100,恒立液压,机械设备-工程机械-工程机械Ⅲ,"1,535.78亿",3,2025年2月、2025年3月、2025年9月,9
000776,广发证券,非银金融-证券-证券Ⅲ,"1,461.03亿",3,2025年7月、2025年8月、2025年9月,0
002460,赣锋锂业,有色金属-能源金属-锂,"1,403.56亿",1,2025年9月,9
001309,德明利,电子-半导体-数字芯片设计,"1,400.61亿",2,2025年2月、2025年9月,9
002028,思源电气,电力设备-电网设备-输变电设备,"1,355.99亿",4,2025年1月、2025年7月、2025年8月、2025年9月,9
605117,德业股份,电力设备-光伏设备-逆变器,"1,321.35亿",1,2025年9月,9
600362,江西铜业,有色金属-工业金属-铜,"1,309.97亿",2,2025年8月、2025年9月,9
301200,大族数控,机械设备-自动化设备-其他自动化设备,"1,271.61亿",4,2025年3月、2025年7月、2025年8月、2025年9月,9
600760,中航沈飞,国防军工-军工装备-航空装备,"1,264.74亿",2,2025年7月、2025年9月,9
601872,招商轮船,交通运输-港口航运-航运,"1,259.63亿",1,2025年9月,9
300014,亿纬锂能,电力设备-电池-锂电池,"1,253.34亿",2,2025年8月、2025年9月,9
000408,藏格矿业,基础化工-农化制品-钾肥,"1,246.82亿",8,2025年1月、2025年2月、2025年3月、2025年5月、2025年6月、2025年7月、2025年8月、2025年9月,9
600346,恒力石化,石油石化-石油加工贸易-石油加工,"1,229.03亿",2,2025年8月、2025年9月,9
603019,中科曙光,计算机-计算机设备-其他计算机设备,"1,201.95亿",2,2025年8月、2025年9月,9
600547,山东黄金,有色金属-贵金属-贵金属Ⅲ,"1,192.40亿",2,2025年4月、2025年9月,9
301217,铜冠铜箔,电力设备-电池-锂电池,"1,175.54亿",3,2025年7月、2025年8月、2025年9月,9
600011,华能国际,公用事业-电力-火电,"1,173.78亿",0,未出现,9
688521,芯原股份,电子-半导体-数字芯片设计,"1,173.47亿",3,2025年2月、2025年3月、2025年9月,9
600089,特变电工,综合-综合-综合Ⅲ,"1,163.66亿",1,2025年9月,9
600160,巨化股份,基础化工-化学制品-氟化工,"1,144.42亿",6,2025年1月、2025年5月、2025年6月、2025年7月、2025年8月、2025年9月,0
002493,荣盛石化,石油石化-石油加工贸易-石油加工,"1,132.80亿",0,未出现,9
600010,包钢股份,钢铁-钢铁-普钢,"1,080.90亿",2,2025年7月、2025年8月,9
000425,徐工机械,机械设备-工程机械-工程机械Ⅲ,"1,068.06亿",5,2025年2月、2025年3月、2025年7月、2025年8月、2025年9月,9
600489,中金黄金,有色金属-贵金属-贵金属Ⅲ,"1,042.66亿",1,2025年9月,9
600549,厦门钨业,有色金属-小金属-钨,"1,028.76亿",3,2025年7月、2025年8月、2025年9月,9
688183,生益电子,电子-元件-印制电路板,"1,028.55亿",4,2025年6月、2025年7月、2025年8月、2025年9月,9
002600,领益智造,电子-消费电子-消费电子零部件及组装,"1,023.88亿",3,2025年2月、2025年8月、2025年9月,9
002466,天齐锂业,有色金属-能源金属-锂,"1,020.67亿",2,2025年8月、2025年9月,9
601012,隆基绿能,电力设备-光伏设备-光伏电池组件,"1,020.01亿",0,未出现,9
002709,天赐材料,电力设备-电池-电池化学品,"1,011.94亿",1,2025年9月,9
688126,沪硅产业,电子-半导体-半导体材料,977.96亿,0,未出现,0
000807,云铝股份,有色金属-工业金属-铝,974.50亿,5,2025年1月、2025年2月、2025年3月、2025年8月、2025年9月,9
002230,科大讯飞,计算机-软件开发-横向通用软件,970.20亿,1,2025年2月,9
603799,华友钴业,有色金属-能源金属-钴,952.54亿,4,2025年3月、2025年7月、2025年8月、2025年9月,9
000630,铜陵有色,有色金属-工业金属-铜,952.07亿,2,2025年8月、2025年9月,9
300136,信维通信,电子-消费电子-消费电子零部件及组装,937.19亿,0,未出现,9
688172,燕东微,电子-半导体-分立器件,926.38亿,0,未出现,9
600118,中国卫星,国防军工-军工装备-航天装备,922.34亿,1,2025年8月,9
600795,国电电力,公用事业-电力-火电,893.56亿,0,未出现,9
600026,中远海能,交通运输-港口航运-航运,890.92亿,0,未出现,9
300475,香农芯创,电子-其他电子-其他电子Ⅲ,880.39亿,1,2025年9月,0
002156,通富微电,电子-半导体-集成电路封测,868.37亿,1,2025年9月,0
000977,浪潮信息,计算机-计算机设备-其他计算机设备,849.66亿,3,2025年2月、2025年8月、2025年9月,0
002128,电投能源,煤炭-煤炭开采加工-煤炭开采,819.57亿,1,2025年9月,9
002241,歌尔股份,电子-消费电子-消费电子零部件及组装,816.94亿,3,2025年2月、2025年8月、2025年9月,9
002202,金风科技,电力设备-风电设备-风电整机,815.64亿,2,2025年8月、2025年9月,9
600115,中国东航,交通运输-机场航运-航空运输,814.48亿,0,未出现,9
688249,晶合集成,电子-半导体-集成电路制造,813.07亿,1,2025年9月,0
601231,环旭电子,电子-消费电子-消费电子零部件及组装,809.91亿,3,2025年2月、2025年8月、2025年9月,9
688361,中科飞测,电子-半导体-半导体设备,792.94亿,1,2025年9月,0
600236,桂冠电力,公用事业-电力-水电,780.36亿,0,未出现,9
300054,鼎龙股份,电子-电子化学品-电子化学品Ⅲ,752.66亿,3,2025年2月、2025年8月、2025年9月,0
600105,永鼎股份,通信-通信设备-通信线缆及配套,750.00亿,5,2025年3月、2025年5月、2025年7月、2025年8月、2025年9月,9
601168,西部矿业,有色金属-工业金属-铜,731.82亿,1,2025年9月,9
300666,江丰电子,电子-半导体-半导体材料,727.19亿,1,2025年9月,0
603228,景旺电子,电子-元件-印制电路板,719.93亿,6,2025年1月、2025年2月、2025年3月、2025年6月、2025年7月、2025年9月,9
600869,远东股份,电力设备-电网设备-线缆部件及其他,719.74亿,2,2025年8月、2025年9月,9
000708,中信特钢,钢铁-钢铁-特钢,710.14亿,0,未出现,9
300223,北京君正,电子-半导体-数字芯片设计,704.22亿,2,2025年2月、2025年3月,0
688519,南亚新材,电子-元件-印制电路板,698.93亿,6,2025年2月、2025年3月、2025年6月、2025年7月、2025年8月、2025年9月,9
600703,三安光电,电子-光学光电子-LED,694.47亿,1,2025年8月,9
000636,风华高科,电子-元件-被动元件,684.03亿,0,未出现,9
002812,恩捷股份,电力设备-电池-电池化学品,663.33亿,1,2025年9月,9
001203,大中矿业,钢铁-钢铁-冶钢原料,660.91亿,1,2025年7月,9
000426,兴业银锡,有色金属-贵金属-贵金属Ⅲ,653.79亿,4,2025年6月、2025年7月、2025年8月、2025年9月,9
600066,宇通客车,汽车-汽车整车-商用载客车,638.72亿,2,2025年1月、2025年9月,9
002409,雅克科技,电子-半导体-半导体材料,632.94亿,1,2025年9月,0
688585,上纬新材,基础化工-塑料制品-合成树脂,630.98亿,3,2025年3月、2025年5月、2025年8月,9
000157,中联重科,机械设备-工程机械-工程机械Ⅲ,627.77亿,0,未出现,9
002532,天山铝业,有色金属-工业金属-铝,621.64亿,3,2025年3月、2025年8月、2025年9月,9
000960,锡业股份,有色金属-小金属-其他小金属,619.51亿,3,2025年7月、2025年8月、2025年9月,9
000933,神火股份,有色金属-工业金属-铝,614.20亿,0,未出现,9
688469,芯联集成,电子-半导体-集成电路制造,612.77亿,1,2025年9月,0
301358,湖南裕能,电力设备-电池-电池化学品,612.77亿,1,2025年9月,9
688002,睿创微纳,国防军工-军工电子-军工电子Ⅲ,610.47亿,5,2025年2月、2025年3月、2025年6月、2025年8月、2025年9月,0
002049,紫光国微,电子-半导体-数字芯片设计,607.57亿,2,2025年8月、2025年9月,9
000831,中国稀土,有色金属-小金属-稀土,594.71亿,3,2025年7月、2025年8月、2025年9月,9
000975,山金国际,有色金属-贵金属-贵金属Ⅲ,585.28亿,1,2025年4月,9
601877,正泰电器,电力设备-电网设备-输变电设备,584.30亿,4,2025年2月、2025年3月、2025年8月、2025年9月,9
000021,深科技,电子-消费电子-消费电子零部件及组装,583.93亿,1,2025年9月,0
688766,普冉股份,电子-半导体-数字芯片设计,580.82亿,1,2025年9月,0
600988,赤峰黄金,有色金属-贵金属-贵金属Ⅲ,562.23亿,2,2025年3月、2025年4月,9
300285,国瓷材料,电子-电子化学品-电子化学品Ⅲ,561.64亿,1,2025年9月,9
300037,新宙邦,电力设备-电池-电池化学品,560.14亿,2,2025年8月、2025年9月,0
601126,四方股份,电力设备-电网设备-电气自控设备,559.68亿,0,未出现,9
002595,豪迈科技,机械设备-专用设备-其他专用设备,558.19亿,5,2025年1月、2025年3月、2025年4月、2025年5月、2025年6月,9
688409,富创精密,电子-半导体-半导体设备,557.30亿,0,未出现,0
601061,中信金属,商贸零售-贸易-贸易Ⅲ,556.15亿,2,2025年8月、2025年9月,9
002414,高德红外,国防军工-军工电子-军工电子Ⅲ,556.05亿,3,2025年6月、2025年7月、2025年8月,9
000688,国城矿业,有色金属-小金属-钼,555.92亿,0,未出现,9
600601,方正科技,电子-元件-印制电路板,550.89亿,4,2025年1月、2025年7月、2025年8月、2025年9月,0
600219,南山铝业,有色金属-工业金属-铝,543.18亿,0,未出现,9
002850,科达利,电力设备-电池-锂电池,540.03亿,2,2025年2月、2025年9月,0
600096,云天化,基础化工-农化制品-磷肥及磷化工,539.61亿,3,2025年7月、2025年8月、2025年9月,9
300373,扬杰科技,电子-半导体-分立器件,525.31亿,3,2025年7月、2025年8月、2025年9月,0
600741,华域汽车,汽车-汽车零部件-车身附件及饰件,524.93亿,2,2025年8月、2025年9月,9
002236,大华股份,计算机-计算机设备-安防设备,521.45亿,2,2025年3月、2025年9月,9
603156,养元饮品,食品饮料-饮料制造-软饮料,521.38亿,1,2025年9月,9
688037,芯源微,电子-半导体-半导体设备,515.34亿,3,2025年7月、2025年8月、2025年9月,0
601618,中国中冶,建筑装饰-建筑装饰-专业工程,514.48亿,1,2025年9月,9
002064,华峰化学,基础化工-化学纤维-氨纶,513.62亿,1,2025年9月,9
688019,安集科技,电子-电子化学品-电子化学品Ⅲ,511.86亿,6,2025年4月、2025年5月、2025年6月、2025年7月、2025年8月、2025年9月,0
600578,京能电力,公用事业-电力-火电,501.43亿,4,2025年4月、2025年5月、2025年6月、2025年7月,9
605358,立昂微,电子-半导体-半导体材料,498.09亿,1,2025年9月,0
000703,恒逸石化,基础化工-化学纤维-涤纶,497.89亿,0,未出现,9
688027,国盾量子,通信-通信设备-通信终端及配件,492.70亿,1,2025年9月,9
600885,宏发股份,电力设备-电网设备-输变电设备,487.96亿,2,2025年3月、2025年9月,0
600021,上海电力,公用事业-电力-火电,485.25亿,2,2025年8月、2025年9月,9
300919,中伟新材,电力设备-电池-电池化学品,473.68亿,1,2025年9月,9
002407,多氟多,基础化工-化学制品-氟化工,472.24亿,1,2025年9月,0
600497,驰宏锌锗,有色金属-工业金属-铅锌,467.75亿,0,未出现,9
002240,盛新锂能,有色金属-能源金属-锂,467.53亿,2,2025年8月、2025年9月,9
001286,陕西能源,公用事业-电力-火电,458.63亿,0,未出现,9
688295,中复神鹰,基础化工-化学纤维-其他纤维,454.50亿,1,2025年9月,9
688300,联瑞新材,基础化工-非金属材料-非金属材料Ⅲ,454.11亿,3,2025年1月、2025年7月、2025年8月,9
002138,顺络电子,电子-元件-被动元件,452.83亿,2,2025年8月、2025年9月,0
002273,水晶光电,电子-光学光电子-光学元件,450.43亿,2,2025年2月、2025年8月,9
000893,亚钾国际,基础化工-农化制品-钾肥,446.78亿,6,2025年3月、2025年4月、2025年6月、2025年7月、2025年8月、2025年9月,9
002738,中矿资源,有色金属-小金属-其他小金属,441.41亿,2,2025年8月、2025年9月,9
603979,金诚信,有色金属-工业金属-铜,441.39亿,2,2025年8月、2025年9月,9
688147,微导纳米,电子-半导体-半导体设备,439.20亿,2,2025年8月、2025年9月,0
002487,大金重工,电力设备-风电设备-风电零部件,435.37亿,6,2025年4月、2025年5月、2025年6月、2025年7月、2025年8月、2025年9月,9
600995,南网储能,公用事业-电力-电能综合服务,428.26亿,1,2025年9月,9
601212,白银有色,有色金属-工业金属-铜,426.52亿,3,2025年7月、2025年8月、2025年9月,9
000783,长江证券,非银金融-证券-证券Ⅲ,425.82亿,1,2025年8月,0
000878,云南铜业,有色金属-工业金属-铜,418.83亿,2,2025年8月、2025年9月,9
300346,南大光电,电子-电子化学品-电子化学品Ⅲ,410.48亿,1,2025年9月,0
600141,兴发集团,基础化工-农化制品-磷肥及磷化工,410.39亿,3,2025年7月、2025年8月、2025年9月,9
603308,应流股份,机械设备-通用设备-金属制品,408.45亿,4,2025年1月、2025年6月、2025年7月、2025年9月,9
688472,阿特斯,电力设备-光伏设备-光伏电池组件,408.03亿,0,未出现,9
603699,纽威股份,机械设备-通用设备-金属制品,402.84亿,7,2025年1月、2025年2月、2025年4月、2025年5月、2025年6月、2025年8月、2025年9月,9
600711,盛屯矿业,有色金属-工业金属-铜,401.78亿,5,2025年3月、2025年6月、2025年7月、2025年8月、2025年9月,9
002056,横店东磁,电力设备-光伏设备-光伏电池组件,400.50亿,3,2025年7月、2025年8月、2025年9月,0
600301,华锡有色,有色金属-小金属-其他小金属,398.52亿,3,2025年3月、2025年8月、2025年9月,9
301205,联特科技,通信-通信设备-通信网络设备及器件,395.37亿,4,2025年6月、2025年7月、2025年8月、2025年9月,9
688627,精智达,机械设备-专用设备-其他专用设备,390.14亿,2,2025年8月、2025年9月,0
001267,汇绿生态,通信-通信设备-通信网络设备及器件,388.66亿,3,2025年7月、2025年8月、2025年9月,9
300432,富临精工,汽车-汽车零部件-底盘与发动机系统,386.06亿,4,2025年1月、2025年2月、2025年3月、2025年9月,9
002831,裕同科技,轻工制造-包装印刷-包装,382.12亿,1,2025年9月,9
688548,广钢气体,电子-电子化学品-电子化学品Ⅲ,381.97亿,2,2025年8月、2025年9月,0
300748,金力永磁,有色金属-金属新材料-磁性材料,381.92亿,2,2025年7月、2025年8月,9
002155,湖南黄金,有色金属-贵金属-贵金属Ⅲ,378.63亿,4,2025年3月、2025年4月、2025年8月、2025年9月,9
300438,鹏辉能源,电力设备-电池-锂电池,378.41亿,1,2025年9月,9
300001,特锐德,电力设备-电网设备-输变电设备,377.35亿,2,2025年4月、2025年9月,9
002340,格林美,电力设备-电池-电池化学品,375.53亿,1,2025年9月,9
300207,欣旺达,电力设备-电池-锂电池,373.56亿,1,2025年9月,9
688099,晶晨股份,电子-半导体-数字芯片设计,370.91亿,4,2025年1月、2025年2月、2025年8月、2025年9月,9
688676,金盘科技,电力设备-电网设备-输变电设备,370.13亿,1,2025年8月,9
603650,彤程新材,基础化工-橡胶制品-其他橡胶制品,366.14亿,1,2025年9月,0
300806,斯迪克,基础化工-塑料制品-膜材料,365.22亿,3,2025年2月、2025年8月、2025年9月,9
300763,锦浪科技,电力设备-光伏设备-逆变器,361.16亿,0,未出现,9
688122,西部超导,国防军工-军工装备-航空装备,353.48亿,3,2025年7月、2025年8月、2025年9月,9
002756,永兴材料,有色金属-能源金属-锂,353.06亿,0,未出现,9
688385,复旦微电,电子-半导体-数字芯片设计,352.49亿,4,2025年3月、2025年4月、2025年8月、2025年9月,9
688336,三生国健,医药生物-生物制品-其他生物制品,351.26亿,5,2025年2月、2025年3月、2025年4月、2025年5月、2025年6月,9
688213,思特威,电子-半导体-数字芯片设计,350.69亿,3,2025年2月、2025年3月、2025年9月,9
603179,新泉股份,汽车-汽车零部件-汽车电子电气系统,346.24亿,1,2025年9月,9
600801,华新建材,建筑材料-建筑材料-水泥,344.01亿,1,2025年7月,9
600295,鄂尔多斯,钢铁-钢铁-冶钢原料,343.60亿,2,2025年7月、2025年9月,9
603606,东方电缆,电力设备-电网设备-线缆部件及其他,343.12亿,1,2025年9月,9
000027,深圳能源,公用事业-电力-火电,342.53亿,0,未出现,9
600515,海南机场,交通运输-机场航运-机场,340.47亿,1,2025年7月,9
603225,新凤鸣,基础化工-化学纤维-涤纶,338.18亿,2,2025年8月、2025年9月,9
000060,中金岭南,有色金属-工业金属-铅锌,335.75亿,1,2025年9月,9
600871,石化油服,石油石化-油气开采及服务-油服工程,334.49亿,0,未出现,9
603568,伟明环保,环保-环境治理-固废治理,332.45亿,0,未出现,9
688301,奕瑞科技,医药生物-医疗器械-医疗设备,331.19亿,1,2025年8月,9
002608,江苏国信,公用事业-电力-火电,330.96亿,0,未出现,9
600348,华阳股份,煤炭-煤炭开采加工-煤炭开采,326.84亿,0,未出现,9
688102,斯瑞新材,有色金属-金属新材料-其他金属新材料,324.85亿,3,2025年4月、2025年6月、2025年8月,9
300255,常山药业,医药生物-化学制药-化学制剂,324.34亿,2,2025年5月、2025年6月,9
601611,中国核建,建筑装饰-建筑装饰-基础建设,323.08亿,1,2025年7月,9
603298,杭叉集团,机械设备-工程机械-工程机械Ⅲ,322.87亿,2,2025年8月、2025年9月,9
300814,中富电路,电子-元件-印制电路板,320.30亿,4,2025年1月、2025年2月、2025年8月、2025年9月,9
000981,山子高科,汽车-汽车零部件-底盘与发动机系统,319.92亿,1,2025年9月,9
600298,安琪酵母,食品饮料-食品加工制造-调味发酵品,318.50亿,2,2025年8月、2025年9月,9
600884,杉杉股份,电力设备-电池-电池化学品,306.37亿,3,2025年7月、2025年8月、2025年9月,9
300903,科翔股份,电子-元件-印制电路板,304.90亿,3,2025年6月、2025年7月、2025年8月,9
000728,国元证券,非银金融-证券-证券Ⅲ,304.16亿,0,未出现,9
000962,东方钽业,有色金属-小金属-其他小金属,302.02亿,4,2025年3月、2025年5月、2025年8月、2025年9月,9
600499,科达制造,轻工制造-家居用品-瓷砖地板,300.34亿,5,2025年5月、2025年6月、2025年7月、2025年8月、2025年9月,9
600282,南钢股份,钢铁-钢铁-普钢,298.39亿,1,2025年9月,9
300260,新莱应材,轻工制造-包装印刷-包装,298.27亿,4,2025年3月、2025年4月、2025年8月、2025年9月,9
300677,英科医疗,医药生物-医疗器械-医疗耗材,295.16亿,2,2025年7月、2025年8月,9
688617,惠泰医疗,医药生物-医疗器械-医疗耗材,290.13亿,0,未出现,9
688257,新锐股份,机械设备-通用设备-金属制品,284.79亿,4,2025年2月、2025年3月、2025年7月、2025年9月,9
600517,国网英大,非银金融-多元金融-多元金融Ⅲ,279.63亿,1,2025年8月,9
600595,中孚实业,有色金属-工业金属-铝,276.55亿,5,2025年3月、2025年6月、2025年7月、2025年8月、2025年9月,9
601615,明阳智能,电力设备-风电设备-风电整机,273.87亿,1,2025年9月,9
688531,日联科技,机械设备-专用设备-其他专用设备,273.63亿,7,2025年3月、2025年4月、2025年5月、2025年6月、2025年7月、2025年8月、2025年9月,9
603061,金海通,电子-半导体-半导体设备,273.34亿,2,2025年8月、2025年9月,0
600961,株冶集团,有色金属-工业金属-铅锌,272.62亿,3,2025年7月、2025年8月、2025年9月,9
300073,当升科技,电力设备-电池-电池化学品,271.55亿,1,2025年9月,9
000661,长春高新,医药生物-生物制品-其他生物制品,271.28亿,1,2025年9月,9
600641,先导基电,电子-半导体-半导体材料,269.67亿,1,2025年9月,0
600732,爱旭股份,电力设备-光伏设备-光伏电池组件,268.89亿,1,2025年9月,9
688390,固德威,电力设备-光伏设备-逆变器,268.49亿,0,未出现,9
000737,北方铜业,有色金属-工业金属-铜,268.18亿,2,2025年7月、2025年9月,9
600562,国睿科技,国防军工-军工电子-军工电子Ⅲ,267.50亿,4,2025年3月、2025年5月、2025年6月、2025年9月,9
603186,华正新材,电子-元件-印制电路板,267.01亿,3,2025年7月、2025年8月、2025年9月,9
002518,科士达,电力设备-其他电源设备-其他电源设备Ⅲ,264.80亿,4,2025年2月、2025年3月、2025年8月、2025年9月,9
688388,嘉元科技,电力设备-电池-锂电池,263.70亿,5,2025年2月、2025年3月、2025年7月、2025年8月、2025年9月,9
002497,雅化集团,基础化工-化学制品-民爆用品,263.36亿,1,2025年7月,9
605090,九丰能源,公用事业-燃气-燃气Ⅲ,263.17亿,2,2025年8月、2025年9月,9
603290,斯达半导,电子-半导体-分立器件,261.03亿,0,未出现,9
000683,博源化工,基础化工-化学原料-纯碱,260.18亿,0,未出现,9
300257,开山股份,机械设备-通用设备-其他通用设备,259.24亿,3,2025年7月、2025年8月、2025年9月,9
000969,安泰科技,有色金属-金属新材料-其他金属新材料,256.96亿,3,2025年7月、2025年8月、2025年9月,9
002430,杭氧股份,基础化工-化学制品-其他化学制品,254.76亿,0,未出现,9
002716,湖南白银,有色金属-贵金属-贵金属Ⅲ,254.36亿,3,2025年7月、2025年8月、2025年9月,9
002975,博杰股份,机械设备-自动化设备-工控设备,252.61亿,4,2025年2月、2025年3月、2025年8月、2025年9月,9
600323,瀚蓝环境,环保-环境治理-固废治理,248.52亿,6,2025年1月、2025年3月、2025年4月、2025年5月、2025年6月、2025年7月,9
300726,宏达电子,国防军工-军工电子-军工电子Ⅲ,248.50亿,1,2025年3月,9
600577,精达股份,电力设备-电网设备-线缆部件及其他,248.45亿,3,2025年3月、2025年8月、2025年9月,9
688608,恒玄科技,电子-半导体-数字芯片设计,247.88亿,4,2025年1月、2025年2月、2025年4月、2025年8月,9
605111,新洁能,电子-半导体-分立器件,247.41亿,0,未出现,0
002545,东方铁塔,基础化工-农化制品-钾肥,245.83亿,4,2025年6月、2025年7月、2025年8月、2025年9月,9
600166,福田汽车,汽车-汽车整车-商用载货车,245.44亿,0,未出现,9
688372,伟测科技,电子-半导体-集成电路封测,245.06亿,3,2025年2月、2025年8月、2025年9月,9
300568,星源材质,电力设备-电池-电池化学品,244.52亿,2,2025年6月、2025年9月,9
300602,飞荣达,电子-消费电子-消费电子零部件及组装,242.23亿,3,2025年2月、2025年8月、2025年9月,9
688403,汇成股份,电子-半导体-集成电路封测,242.19亿,4,2025年2月、2025年7月、2025年8月、2025年9月,9
603067,振华股份,基础化工-化学原料-无机盐,242.07亿,6,2025年2月、2025年3月、2025年4月、2025年5月、2025年6月、2025年8月,0
688268,华特气体,电子-电子化学品-电子化学品Ⅲ,240.83亿,1,2025年9月,9
601608,中信重工,机械设备-专用设备-能源及重型设备,239.51亿,1,2025年3月,9
601069,西部黄金,有色金属-贵金属-贵金属Ⅲ,237.95亿,4,2025年3月、2025年4月、2025年6月、2025年9月,9
001301,尚太科技,电力设备-电池-电池化学品,233.29亿,1,2025年9月,9
002192,融捷股份,有色金属-能源金属-锂,233.01亿,0,未出现,9
600516,方大炭素,钢铁-钢铁-冶钢原料,229.48亿,0,未出现,9
603530,神马电力,电力设备-电网设备-线缆部件及其他,229.44亿,3,2025年7月、2025年8月、2025年9月,9
002552,宝鼎科技,电子-元件-印制电路板,227.44亿,1,2025年1月,9
301345,涛涛车业,汽车-汽车服务及其他-其他运输设备,226.20亿,4,2025年6月、2025年7月、2025年8月、2025年9月,9
603516,淳中科技,计算机-计算机设备-其他计算机设备,226.18亿,3,2025年1月、2025年8月、2025年9月,9
603301,振德医疗,医药生物-医疗器械-医疗耗材,225.88亿,1,2025年9月,9
002318,久立特材,钢铁-钢铁-特钢,225.63亿,1,2025年4月,9
600095,湘财股份,非银金融-证券-证券Ⅲ,224.73亿,5,2025年4月、2025年6月、2025年7月、2025年8月、2025年9月,9
688005,容百科技,电力设备-电池-电池化学品,224.35亿,1,2025年9月,9
688308,欧科亿,机械设备-通用设备-金属制品,223.14亿,1,2025年9月,9
600226,亨通股份,公用事业-电力-热力,223.08亿,5,2025年2月、2025年4月、2025年7月、2025年8月、2025年9月,9
002645,华宏科技,环保-环境治理-综合环境治理,220.89亿,3,2025年6月、2025年7月、2025年8月,9
002171,楚江新材,有色金属-工业金属-铜,220.56亿,2,2025年3月、2025年8月,9
600388,龙净环保,环保-环保设备-环保设备Ⅲ,219.34亿,1,2025年9月,9
000709,河钢股份,钢铁-钢铁-普钢,219.15亿,1,2025年7月,9
301219,腾远钴业,有色金属-能源金属-钴,217.68亿,3,2025年3月、2025年8月、2025年9月,9
603588,高能环境,环保-环境治理-固废治理,216.45亿,2,2025年3月、2025年8月,9
002947,恒铭达,电子-消费电子-消费电子零部件及组装,214.91亿,3,2025年3月、2025年8月、2025年9月,9
603077,和邦生物,基础化工-农化制品-磷肥及磷化工,213.73亿,0,未出现,9
688772,珠海冠宇,电力设备-电池-锂电池,213.42亿,2,2025年8月、2025年9月,9
301338,凯格精机,机械设备-专用设备-其他专用设备,211.60亿,4,2025年6月、2025年7月、2025年8月、2025年9月,9
300835,龙磁科技,有色金属-金属新材料-磁性材料,211.55亿,5,2025年1月、2025年2月、2025年6月、2025年7月、2025年8月,9
002957,科瑞技术,机械设备-自动化设备-工控设备,211.46亿,1,2025年9月,9
601677,明泰铝业,有色金属-工业金属-铝,211.15亿,0,未出现,9
603565,中谷物流,交通运输-港口航运-航运,208.33亿,4,2025年4月、2025年5月、2025年7月、2025年9月,9
300302,同有科技,计算机-计算机设备-其他计算机设备,208.00亿,1,2025年2月,9
000623,吉林敖东,医药生物-中药-中药Ⅲ,207.97亿,2,2025年7月、2025年8月,9
600459,贵研铂业,有色金属-小金属-其他小金属,205.74亿,4,2025年6月、2025年7月、2025年8月、2025年9月,9
603938,三孚股份,基础化工-化学原料-其他化学原料,203.06亿,1,2025年4月,9
000603,盛达资源,有色金属-工业金属-铅锌,201.26亿,4,2025年3月、2025年7月、2025年8月、2025年9月,9
603026,石大胜华,电力设备-电池-电池化学品,200.94亿,1,2025年9月,9
600848,上海临港,房地产-房地产-产业地产,200.21亿,0,未出现,9
002326,永太科技,基础化工-化学制品-氟化工,200.01亿,4,2025年3月、2025年6月、2025年8月、2025年9月,9
